-- phpMyAdmin SQL Dump
-- version 5.2.3
-- https://www.phpmyadmin.net/
--
-- Hôte : 127.0.0.1:3306
-- Généré le : mar. 05 mai 2026 à 03:38
-- Version du serveur : 8.4.7
-- Version de PHP : 8.3.28

SET SQL_MODE = "NO_AUTO_VALUE_ON_ZERO";
START TRANSACTION;
SET time_zone = "+00:00";


/*!40101 SET @OLD_CHARACTER_SET_CLIENT=@@CHARACTER_SET_CLIENT */;
/*!40101 SET @OLD_CHARACTER_SET_RESULTS=@@CHARACTER_SET_RESULTS */;
/*!40101 SET @OLD_COLLATION_CONNECTION=@@COLLATION_CONNECTION */;
/*!40101 SET NAMES utf8mb4 */;

--
-- Base de données : `netchat`
--

-- --------------------------------------------------------

--
-- Structure de la table `comments`
--

DROP TABLE IF EXISTS `comments`;
CREATE TABLE IF NOT EXISTS `comments` (
  `id` int NOT NULL AUTO_INCREMENT,
  `post_id` int NOT NULL,
  `user_id` int NOT NULL,
  `content` text CHARACTER SET utf8mb4 COLLATE utf8mb4_unicode_ci NOT NULL,
  `created_at` timestamp NULL DEFAULT CURRENT_TIMESTAMP,
  PRIMARY KEY (`id`),
  KEY `post_id` (`post_id`),
  KEY `user_id` (`user_id`)
) ENGINE=InnoDB AUTO_INCREMENT=1249 DEFAULT CHARSET=utf8mb4 COLLATE=utf8mb4_unicode_ci;

--
-- Déchargement des données de la table `comments`
--

INSERT INTO `comments` (`id`, `post_id`, `user_id`, `content`, `created_at`) VALUES
(9, 28, 7, 'merci @L_Lawliet !', '2026-05-05 03:00:00'),
(10, 29, 20, 'j\'ai testé aussi @Malenia', '2026-04-20 10:30:29'),
(11, 30, 17, 'bien vu', '2026-05-02 22:30:29'),
(12, 30, 14, 'mdr', '2026-04-27 15:30:29'),
(13, 30, 15, 'ça marche', '2026-05-03 08:30:29'),
(14, 30, 14, 'exactement', '2026-04-16 11:30:29'),
(15, 31, 23, 'mdr', '2026-04-23 18:30:29'),
(16, 32, 20, 'trop fort', '2026-04-17 05:30:29'),
(17, 32, 8, 'bien vu @VantaFox', '2026-04-30 10:30:29'),
(18, 32, 16, 'exactement @NoctisDev', '2026-04-24 02:30:29'),
(19, 32, 18, 'ça marche', '2026-04-23 10:30:29'),
(20, 32, 8, 'trop fort', '2026-04-27 22:30:29'),
(21, 33, 19, 'ça marche @AstraNova', '2026-04-22 17:30:29'),
(22, 33, 20, 'je valide', '2026-04-22 06:30:29'),
(23, 34, 15, 'exactement', '2026-04-28 19:30:29'),
(24, 34, 13, 'exactement @OrionPulse', '2026-04-17 06:30:29'),
(25, 34, 23, 'exactement @NeoMatiere', '2026-04-24 08:30:29'),
(26, 34, 21, 'propre', '2026-04-24 15:30:29'),
(27, 35, 18, 'exactement', '2026-04-27 23:30:29'),
(28, 35, 12, 'mdr', '2026-04-27 22:30:29'),
(29, 35, 9, 'bien vu', '2026-05-01 13:30:29'),
(30, 35, 16, 'j\'ai testé aussi', '2026-04-17 08:30:29'),
(31, 35, 22, 'j\'ai testé aussi', '2026-04-18 14:30:29'),
(32, 36, 12, 'je valide @MikaFlow', '2026-04-21 10:30:29'),
(33, 36, 11, 'ça marche @SoraByte', '2026-05-04 15:30:29'),
(34, 36, 17, 'j\'ai testé aussi', '2026-04-15 10:30:29'),
(35, 39, 8, 'je valide @NeoMatiere', '2026-04-25 03:30:29'),
(36, 39, 11, 'mdr', '2026-04-23 07:30:29'),
(37, 40, 18, 'mdr @MikaFlow', '2026-04-19 10:30:29'),
(38, 40, 11, 'j\'ai testé aussi', '2026-05-02 18:30:29'),
(39, 40, 19, 'exactement', '2026-04-25 06:30:29'),
(40, 40, 23, 'j\'ai testé aussi', '2026-04-23 14:30:29'),
(41, 41, 19, 'je valide @FoxyTheBigYT', '2026-04-17 23:30:29'),
(42, 41, 21, 'trop fort', '2026-04-20 00:30:29'),
(43, 42, 16, 'propre @AstraNova', '2026-05-01 10:30:29'),
(44, 46, 19, 'trop fort @FoxyTheBigYT', '2026-04-17 14:30:29'),
(45, 46, 9, 'mdr', '2026-04-30 12:30:29'),
(46, 46, 21, 'propre', '2026-04-19 12:30:29'),
(47, 46, 19, 'j\'ai testé aussi', '2026-04-22 21:30:29'),
(48, 46, 16, 'mdr @OrionPulse', '2026-04-21 17:30:29'),
(49, 48, 17, 'trop fort @LunaStack', '2026-04-22 08:30:29'),
(50, 48, 16, 'ça marche', '2026-04-26 13:30:29'),
(51, 48, 20, 'bien vu', '2026-04-20 18:30:29'),
(52, 49, 16, 'mdr', '2026-04-15 02:30:29'),
(53, 49, 21, 'j\'ai testé aussi @PixelRaven', '2026-05-01 01:30:29'),
(54, 49, 22, 'exactement @L_Lawliet', '2026-04-17 16:30:29'),
(55, 49, 17, 'propre', '2026-04-19 18:30:29'),
(56, 49, 22, 'mdr', '2026-05-02 23:30:29'),
(57, 50, 23, 'mdr', '2026-04-20 03:30:29'),
(58, 50, 22, 'ça marche', '2026-04-14 13:30:29'),
(59, 50, 21, 'exactement @FoxyTheBigYT', '2026-05-03 18:30:29'),
(60, 51, 23, 'ça marche', '2026-04-27 16:30:29'),
(61, 51, 15, 'je valide', '2026-04-14 16:30:29'),
(62, 51, 13, 'exactement @Malenia', '2026-04-21 01:30:29'),
(63, 51, 13, 'je valide @L_Lawliet', '2026-04-16 21:30:29'),
(64, 51, 18, 'ça marche @L_Lawliet', '2026-04-16 03:30:29'),
(65, 52, 20, 'bien vu @MikaFlow', '2026-04-19 00:30:29'),
(66, 54, 8, 'mdr', '2026-05-01 07:30:29'),
(67, 54, 18, 'exactement', '2026-04-27 14:30:29'),
(68, 54, 22, 'j\'ai testé aussi @VantaFox', '2026-05-01 17:30:29'),
(69, 54, 23, 'trop fort', '2026-04-20 01:30:29'),
(70, 55, 8, 'bien vu', '2026-04-27 03:30:29'),
(71, 56, 13, 'mdr @NeoMatiere', '2026-04-21 12:30:29'),
(72, 57, 13, 'exactement @Malenia', '2026-04-24 09:30:29'),
(73, 57, 8, 'propre @FoxyTheBigYT', '2026-04-24 22:30:29'),
(74, 57, 9, 'je valide @Malenia', '2026-04-27 14:30:29'),
(75, 57, 7, 'propre', '2026-04-27 17:30:29'),
(76, 57, 17, 'mdr', '2026-05-01 11:30:29'),
(77, 58, 9, 'mdr', '2026-04-14 18:30:29'),
(78, 59, 13, 'je valide @Malenia', '2026-04-17 06:30:29'),
(79, 59, 16, 'je valide @NeoMatiere', '2026-04-30 16:30:29'),
(80, 60, 17, 'trop fort', '2026-04-15 22:30:29'),
(81, 61, 9, 'trop fort', '2026-05-02 20:30:29'),
(82, 61, 9, 'je valide', '2026-04-22 02:30:29'),
(83, 62, 11, 'trop fort', '2026-04-19 13:30:29'),
(84, 62, 12, 'mdr @AstraNova', '2026-04-30 10:30:29'),
(85, 63, 20, 'bien vu @Malenia', '2026-04-23 20:30:29'),
(86, 63, 22, 'trop fort @KairoLink', '2026-04-24 07:30:29'),
(87, 64, 7, 'j\'ai testé aussi', '2026-04-22 17:30:29'),
(88, 64, 17, 'j\'ai testé aussi', '2026-04-23 11:30:29'),
(89, 64, 20, 'mdr', '2026-05-02 14:30:29'),
(90, 65, 13, 'trop fort', '2026-04-23 16:30:29'),
(91, 65, 9, 'mdr', '2026-04-18 16:30:29'),
(92, 65, 7, 'je valide', '2026-04-28 00:30:29'),
(93, 65, 12, 'trop fort', '2026-04-22 10:30:29'),
(94, 67, 21, 'trop fort @VantaFox', '2026-04-27 16:30:29'),
(95, 69, 16, 'je valide', '2026-04-24 04:30:29'),
(96, 69, 23, 'exactement @PixelRaven', '2026-04-18 10:30:29'),
(97, 69, 9, 'mdr @AstraNova', '2026-05-01 00:30:29'),
(98, 69, 8, 'ça marche', '2026-04-29 17:30:29'),
(99, 70, 20, 'je valide', '2026-04-24 02:30:29'),
(100, 71, 21, 'je valide', '2026-04-18 10:30:29'),
(101, 71, 11, 'propre', '2026-05-04 16:30:29'),
(102, 71, 22, 'mdr', '2026-04-16 18:30:29'),
(103, 71, 12, 'j\'ai testé aussi @NeoMatiere', '2026-04-16 09:30:29'),
(104, 72, 11, 'je valide', '2026-04-17 04:30:29'),
(105, 72, 20, 'propre @NeoMatiere', '2026-04-17 15:30:29'),
(106, 72, 7, 'je valide', '2026-04-30 18:30:29'),
(107, 72, 13, 'propre', '2026-05-02 16:30:29'),
(108, 72, 9, 'propre', '2026-04-28 21:30:29'),
(109, 73, 16, 'bien vu', '2026-04-29 14:30:29'),
(110, 73, 11, 'j\'ai testé aussi', '2026-04-25 17:30:29'),
(111, 73, 21, 'bien vu', '2026-05-02 07:30:29'),
(112, 73, 19, 'bien vu', '2026-04-29 14:30:29'),
(113, 73, 17, 'bien vu', '2026-04-22 12:30:29'),
(114, 74, 9, 'propre', '2026-04-25 09:30:29'),
(115, 75, 16, 'j\'ai testé aussi @VantaFox', '2026-04-15 16:30:29'),
(116, 76, 17, 'je valide', '2026-04-21 00:30:29'),
(117, 77, 8, 'je valide', '2026-04-22 13:30:29'),
(118, 77, 7, 'exactement @NeoMatiere', '2026-04-17 23:30:29'),
(119, 77, 15, 'trop fort', '2026-04-22 11:30:29'),
(120, 77, 16, 'ça marche', '2026-05-04 18:30:29'),
(121, 77, 9, 'exactement', '2026-04-27 20:30:29'),
(122, 78, 18, 'bien vu @NoctisDev', '2026-04-27 04:30:29'),
(123, 79, 16, 'exactement @AstraNova', '2026-04-24 07:30:29'),
(124, 79, 23, 'mdr', '2026-04-29 02:30:29'),
(125, 79, 20, 'exactement', '2026-04-16 02:30:29'),
(126, 79, 14, 'ça marche', '2026-04-16 04:30:29'),
(127, 81, 11, 'trop fort', '2026-04-17 07:30:29'),
(128, 81, 13, 'bien vu', '2026-05-02 06:30:29'),
(129, 81, 13, 'bien vu', '2026-04-14 20:30:29'),
(130, 81, 14, 'trop fort @KairoLink', '2026-04-20 16:30:29'),
(131, 81, 11, 'bien vu @KairoLink', '2026-04-22 03:30:29'),
(132, 82, 15, 'bien vu @VantaFox', '2026-04-16 12:30:29'),
(133, 82, 20, 'bien vu @PixelRaven', '2026-05-04 21:30:29'),
(134, 83, 14, 'je valide', '2026-04-15 08:30:29'),
(135, 84, 20, 'mdr @L_Lawliet', '2026-04-21 13:30:29'),
(136, 84, 15, 'bien vu @KairoLink', '2026-05-02 08:30:29'),
(137, 86, 7, 'je valide', '2026-04-21 07:30:30'),
(138, 86, 16, 'propre @VantaFox', '2026-04-28 12:30:30'),
(139, 87, 9, 'ça marche', '2026-04-25 05:30:30'),
(140, 87, 14, 'exactement', '2026-04-30 07:30:30'),
(141, 87, 21, 'ça marche @L_Lawliet', '2026-04-21 15:30:30'),
(142, 87, 7, 'exactement', '2026-04-23 05:30:30'),
(143, 87, 14, 'mdr', '2026-04-23 22:30:30'),
(144, 88, 9, 'je valide @FoxyTheBigYT', '2026-05-02 03:30:30'),
(145, 88, 15, 'trop fort', '2026-04-27 11:30:30'),
(146, 88, 17, 'trop fort @MikaFlow', '2026-04-20 20:30:30'),
(147, 88, 17, 'exactement @VantaFox', '2026-04-15 21:30:30'),
(148, 88, 7, 'bien vu', '2026-04-28 19:30:30'),
(149, 89, 16, 'exactement', '2026-04-30 09:30:30'),
(150, 89, 7, 'exactement @NeoMatiere', '2026-04-17 05:30:30'),
(151, 89, 17, 'trop fort', '2026-04-30 22:30:30'),
(152, 89, 22, 'j\'ai testé aussi', '2026-04-24 03:30:30'),
(153, 89, 11, 'trop fort @MikaFlow', '2026-04-17 11:30:30'),
(154, 90, 23, 'bien vu', '2026-04-20 10:30:30'),
(155, 90, 18, 'exactement @NeoMatiere', '2026-04-27 18:30:30'),
(156, 92, 23, 'mdr', '2026-04-22 21:30:30'),
(157, 92, 8, 'ça marche', '2026-04-24 18:30:30'),
(158, 92, 22, 'trop fort', '2026-04-19 17:30:30'),
(159, 93, 17, 'bien vu @NoctisDev', '2026-04-27 14:30:30'),
(160, 93, 12, 'ça marche', '2026-04-30 09:30:30'),
(161, 94, 9, 'ça marche @Malenia', '2026-05-01 00:30:30'),
(162, 94, 23, 'exactement @L_Lawliet', '2026-04-27 19:30:30'),
(163, 94, 21, 'bien vu', '2026-04-25 21:30:30'),
(164, 94, 18, 'exactement @FoxyTheBigYT', '2026-04-27 12:30:30'),
(165, 94, 11, 'mdr', '2026-05-04 16:30:30'),
(166, 95, 13, 'propre', '2026-04-30 00:30:30'),
(167, 95, 12, 'trop fort', '2026-04-29 12:30:30'),
(168, 95, 23, 'propre @L_Lawliet', '2026-04-26 04:30:30'),
(169, 95, 12, 'je valide', '2026-04-26 11:30:30'),
(170, 96, 21, 'propre @KairoLink', '2026-04-21 03:30:30'),
(171, 96, 21, 'ça marche', '2026-04-16 12:30:30'),
(172, 96, 18, 'ça marche @MikaFlow', '2026-05-04 20:30:30'),
(173, 97, 8, 'je valide', '2026-05-02 09:30:30'),
(174, 98, 9, 'propre', '2026-05-02 22:30:30'),
(175, 98, 21, 'bien vu @PixelRaven', '2026-05-01 01:30:30'),
(176, 99, 8, 'exactement', '2026-04-22 06:30:30'),
(177, 99, 8, 'trop fort @L_Lawliet', '2026-04-26 19:30:30'),
(178, 99, 13, 'ça marche', '2026-04-19 14:30:30'),
(179, 99, 11, 'bien vu @MikaFlow', '2026-04-30 14:30:30'),
(180, 101, 17, 'je valide @L_Lawliet', '2026-04-16 05:30:30'),
(181, 101, 15, 'je valide', '2026-04-23 05:30:30'),
(182, 101, 7, 'mdr @PixelRaven', '2026-04-30 22:30:30'),
(183, 101, 11, 'je valide @KairoLink', '2026-04-15 16:30:30'),
(184, 101, 7, 'propre', '2026-04-25 23:30:30'),
(185, 103, 19, 'trop fort', '2026-05-03 18:30:30'),
(186, 103, 12, 'je valide @Malenia', '2026-05-02 17:30:30'),
(187, 103, 17, 'mdr', '2026-05-02 17:30:30'),
(188, 103, 11, 'bien vu', '2026-04-14 22:30:30'),
(189, 104, 11, 'ça marche @AstraNova', '2026-04-29 07:30:30'),
(190, 104, 11, 'mdr @MikaFlow', '2026-04-19 12:30:30'),
(191, 104, 20, 'mdr', '2026-04-22 22:30:30'),
(192, 104, 23, 'exactement @SoraByte', '2026-05-03 19:30:30'),
(193, 104, 19, 'propre', '2026-04-30 05:30:30'),
(194, 105, 7, 'je valide', '2026-04-18 13:30:30'),
(195, 105, 12, 'exactement @L_Lawliet', '2026-04-30 09:30:30'),
(196, 105, 15, 'mdr', '2026-04-17 16:30:30'),
(197, 106, 14, 'ça marche', '2026-04-21 04:30:30'),
(198, 106, 11, 'je valide', '2026-04-18 22:30:30'),
(199, 106, 14, 'propre', '2026-04-22 23:30:30'),
(200, 106, 12, 'trop fort @AstraNova', '2026-05-03 20:30:30'),
(201, 106, 23, 'ça marche @SoraByte', '2026-04-18 15:30:30'),
(202, 107, 18, 'ça marche', '2026-04-28 19:30:30'),
(203, 109, 21, 'propre', '2026-04-22 15:30:30'),
(204, 109, 13, 'ça marche @VantaFox', '2026-04-27 06:30:30'),
(205, 109, 23, 'propre', '2026-04-17 22:30:30'),
(206, 110, 15, 'exactement', '2026-04-22 02:30:30'),
(207, 110, 16, 'trop fort', '2026-04-24 14:30:30'),
(208, 110, 9, 'trop fort @VantaFox', '2026-04-30 01:30:30'),
(209, 110, 22, 'bien vu @NoctisDev', '2026-04-28 22:30:30'),
(210, 111, 12, 'ça marche @L_Lawliet', '2026-04-28 04:30:30'),
(211, 111, 15, 'je valide', '2026-05-03 15:30:30'),
(212, 111, 20, 'bien vu', '2026-05-03 06:30:30'),
(213, 113, 9, 'propre @FoxyTheBigYT', '2026-05-01 22:30:30'),
(214, 114, 13, 'trop fort @LunaStack', '2026-04-19 09:30:30'),
(215, 114, 7, 'je valide', '2026-04-30 12:30:30'),
(216, 114, 11, 'mdr', '2026-04-21 02:30:30'),
(217, 114, 14, 'propre', '2026-05-04 05:30:30'),
(218, 114, 19, 'je valide', '2026-04-16 00:30:30'),
(219, 115, 20, 'bien vu', '2026-04-17 07:30:30'),
(220, 115, 7, 'exactement', '2026-05-02 13:30:30'),
(221, 116, 19, 'bien vu @NeoMatiere', '2026-04-25 10:30:30'),
(222, 116, 13, 'trop fort', '2026-04-22 00:30:30'),
(223, 116, 20, 'ça marche @MikaFlow', '2026-04-28 13:30:30'),
(224, 116, 18, 'je valide @MikaFlow', '2026-05-03 07:30:30'),
(225, 116, 15, 'j\'ai testé aussi', '2026-04-16 11:30:30'),
(226, 117, 17, 'je valide', '2026-04-23 10:30:30'),
(227, 118, 19, 'propre', '2026-05-03 15:30:30'),
(228, 118, 7, 'exactement', '2026-04-24 10:30:30'),
(229, 118, 13, 'bien vu', '2026-04-28 08:30:30'),
(500, 200, 27, 'grave', '2026-04-09 19:33:35'),
(501, 201, 30, 'oui totalement', '2026-04-14 00:33:35'),
(502, 201, 27, 'j\'ai pensé pareil sur l\'actu', '2026-04-20 17:33:35'),
(503, 202, 33, 'faut voir sur le design', '2026-04-22 19:33:35'),
(504, 202, 35, 'c\'est chaud', '2026-03-21 16:33:35'),
(505, 202, 11, 'faut voir @KairoLink', '2026-04-01 17:33:35'),
(506, 202, 35, 'probablement sur la modération', '2026-03-22 08:33:35'),
(507, 203, 35, 'je suis d\'accord sur la modération @PixelRaven', '2026-04-18 21:33:35'),
(508, 203, 35, 'gros oui @NeoMatiere', '2026-04-16 06:33:35'),
(509, 203, 30, 'oui totalement', '2026-03-26 00:33:35'),
(510, 203, 9, 'bien vu', '2026-03-20 11:33:35'),
(511, 203, 31, 'je suis d\'accord sur l\'actu @LunaStack', '2026-03-31 16:33:35'),
(512, 204, 31, 'je valide sur le design', '2026-04-28 11:33:35'),
(513, 204, 11, 'pas faux', '2026-04-04 15:33:35'),
(514, 204, 34, 'intéressant sur le feed', '2026-04-29 17:33:35'),
(515, 204, 35, 'j\'ai pensé pareil', '2026-05-04 23:33:35'),
(516, 204, 11, 'exact sur la modération', '2026-04-12 07:33:35'),
(517, 205, 25, 'intéressant @MikaFlow', '2026-04-21 06:33:35'),
(518, 205, 27, 'j\'ai pensé pareil @PixelRaven', '2026-04-11 18:33:35'),
(519, 206, 27, 'grave sur ce sujet @L_Lawliet', '2026-03-20 20:33:35'),
(520, 206, 25, 'j\'ai pensé pareil sur le design @FoxyTheBigYT', '2026-04-17 17:33:35'),
(521, 207, 30, 'probablement @Malenia', '2026-03-31 04:33:35'),
(522, 207, 25, 'ça se tient', '2026-04-13 10:33:35'),
(523, 209, 25, 'bien vu', '2026-05-04 18:33:35'),
(524, 209, 31, 'faut voir @AstraNova', '2026-04-30 09:33:35'),
(525, 209, 29, 'ça se tient sur le feed', '2026-03-25 07:33:35'),
(526, 209, 9, 'pas faux sur l\'actu', '2026-04-28 04:33:35'),
(527, 209, 32, 'je valide', '2026-04-26 13:33:35'),
(528, 210, 32, 'intéressant sur l\'actu', '2026-05-01 02:33:35'),
(529, 210, 35, 'grave @NoctisDev', '2026-04-26 21:33:35'),
(530, 210, 35, 'c\'est chaud sur l\'IA', '2026-03-31 21:33:35'),
(531, 210, 24, 'mdr sur ce sujet', '2026-04-25 00:33:35'),
(532, 210, 35, 'pas faux', '2026-04-24 14:33:35'),
(533, 210, 9, 'gros oui sur l\'actu', '2026-04-14 04:33:35'),
(534, 210, 7, 'mdr', '2026-04-17 08:33:35'),
(535, 212, 31, 'pas convaincu', '2026-05-04 05:33:35'),
(536, 212, 27, 'c\'est chaud', '2026-03-22 05:33:35'),
(537, 212, 11, 'faut voir sur ce sujet', '2026-03-30 03:33:35'),
(538, 213, 35, 'exact', '2026-04-17 04:33:35'),
(539, 213, 27, 'je valide', '2026-04-07 12:33:35'),
(540, 213, 29, 'je valide', '2026-04-10 15:33:35'),
(541, 213, 24, 'c\'est chaud', '2026-05-02 10:33:35'),
(542, 213, 24, 'j\'ai pensé pareil', '2026-04-09 11:33:35'),
(543, 215, 31, 'pas convaincu sur ce sujet', '2026-04-12 03:33:35'),
(544, 215, 35, 'mdr', '2026-04-28 23:33:35'),
(545, 215, 33, 'probablement sur la modération', '2026-04-22 06:33:35'),
(546, 215, 24, 'exact', '2026-04-09 01:33:35'),
(547, 216, 32, 'pas faux sur le design', '2026-04-11 05:33:35'),
(548, 216, 25, 'ça se tient sur l\'actu', '2026-04-25 01:33:35'),
(549, 217, 8, 'faut voir @LunaStack', '2026-04-28 19:33:35'),
(550, 217, 34, 'oui totalement', '2026-04-12 10:33:35'),
(551, 217, 8, 'je suis d\'accord', '2026-04-26 20:33:35'),
(552, 217, 8, 'probablement @OrionPulse', '2026-03-30 00:33:35'),
(553, 217, 26, 'j\'ai pensé pareil @KairoLink', '2026-05-01 12:33:35'),
(554, 218, 28, 'j\'ai pensé pareil @Malenia', '2026-05-04 23:33:35'),
(555, 218, 29, 'ça se tient', '2026-03-30 11:33:35'),
(556, 218, 35, 'probablement sur l\'actu', '2026-05-04 12:33:35'),
(557, 218, 7, 'je valide sur le design', '2026-04-08 16:33:35'),
(558, 218, 34, 'pas faux', '2026-04-11 14:33:35'),
(559, 219, 24, 'c\'est chaud', '2026-04-26 08:33:35'),
(560, 220, 8, 'bien vu sur l\'IA', '2026-04-30 18:33:35'),
(561, 220, 28, 'intéressant', '2026-04-03 01:33:35'),
(562, 220, 28, 'mdr sur l\'actu', '2026-03-27 10:33:35'),
(563, 221, 29, 'gros oui', '2026-04-19 02:33:35'),
(564, 221, 9, 'pas convaincu sur la modération', '2026-04-29 10:33:35'),
(565, 221, 28, 'intéressant @Malenia', '2026-03-30 12:33:35'),
(566, 221, 29, 'ça se tient', '2026-04-16 23:33:35'),
(567, 222, 24, 'faut voir sur le feed @PixelRaven', '2026-04-02 20:33:35'),
(568, 222, 26, 'je suis d\'accord sur la modération', '2026-04-18 10:33:35'),
(569, 222, 25, 'je valide', '2026-03-21 05:33:35'),
(570, 222, 11, 'faut voir', '2026-04-18 03:33:35'),
(571, 222, 8, 'j\'ai pensé pareil', '2026-05-01 06:33:35'),
(572, 222, 27, 'je suis d\'accord', '2026-05-01 23:33:35'),
(573, 224, 26, 'pas faux @MikaFlow', '2026-04-05 15:33:35'),
(574, 224, 31, 'intéressant', '2026-04-15 14:33:35'),
(575, 224, 7, 'j\'ai pensé pareil sur l\'IA @VantaFox', '2026-04-07 23:33:35'),
(576, 224, 26, 'j\'ai pensé pareil @FoxyTheBigYT', '2026-04-07 12:33:35'),
(577, 225, 35, 'c\'est chaud sur le feed', '2026-04-27 20:33:35'),
(578, 225, 9, 'j\'ai pensé pareil @VantaFox', '2026-05-01 18:33:35'),
(579, 225, 30, 'bien vu sur le design', '2026-04-25 08:33:35'),
(580, 225, 11, 'exact', '2026-04-27 00:33:35'),
(581, 225, 7, 'exact sur l\'IA', '2026-04-09 20:33:35'),
(582, 225, 29, 'probablement @Marion60_Admin', '2026-03-30 17:33:35'),
(583, 226, 30, 'pas faux', '2026-04-25 14:33:35'),
(584, 226, 9, 'gros oui @VantaFox', '2026-04-17 08:33:35'),
(585, 227, 9, 'pas convaincu @NoctisDev', '2026-04-27 17:33:35'),
(586, 227, 25, 'je suis d\'accord sur ce sujet', '2026-03-27 19:33:35'),
(587, 227, 28, 'je suis d\'accord @KairoLink', '2026-04-23 03:33:35'),
(588, 227, 26, 'ça se tient sur l\'IA', '2026-04-07 22:33:35'),
(589, 228, 30, 'oui totalement', '2026-04-01 01:33:35'),
(590, 229, 28, 'oui totalement', '2026-04-01 06:33:35'),
(591, 229, 35, 'gros oui sur l\'IA', '2026-04-15 01:33:35'),
(592, 229, 30, 'exact', '2026-04-23 12:33:35'),
(593, 230, 34, 'ça se tient @Malenia', '2026-03-27 19:33:35'),
(594, 231, 31, 'je suis d\'accord sur ce sujet', '2026-04-06 16:33:35'),
(595, 231, 8, 'ça se tient sur ce sujet', '2026-04-06 22:33:35'),
(596, 231, 9, 'je valide sur le feed @OrionPulse', '2026-04-15 20:33:35'),
(597, 231, 8, 'intéressant', '2026-04-20 13:33:35'),
(598, 231, 30, 'c\'est chaud sur la modération', '2026-05-02 13:33:35'),
(599, 231, 33, 'grave @KairoLink', '2026-03-23 05:33:35'),
(600, 232, 7, 'pas convaincu sur la modération @MikaFlow', '2026-03-21 02:33:35'),
(601, 232, 35, 'c\'est chaud sur le design', '2026-05-03 06:33:35'),
(602, 232, 32, 'probablement sur l\'actu', '2026-04-11 11:33:35'),
(603, 232, 24, 'je valide', '2026-05-02 22:33:35'),
(604, 233, 31, 'je suis d\'accord sur l\'actu', '2026-03-22 11:33:35'),
(605, 233, 7, 'oui totalement', '2026-04-29 04:33:35'),
(606, 233, 29, 'j\'ai pensé pareil', '2026-03-21 18:33:35'),
(607, 233, 30, 'mdr sur la modération', '2026-04-06 02:33:35'),
(608, 233, 11, 'j\'ai pensé pareil', '2026-04-26 12:33:35'),
(609, 233, 35, 'pas convaincu', '2026-04-05 23:33:35'),
(610, 234, 26, 'gros oui @Marion60_Admin', '2026-05-03 19:33:35'),
(611, 234, 29, 'gros oui', '2026-04-15 10:33:35'),
(612, 234, 32, 'je valide sur le feed', '2026-04-20 15:33:35'),
(613, 234, 7, 'probablement @LunaStack', '2026-04-22 00:33:35'),
(614, 234, 9, 'exact sur l\'actu', '2026-04-04 15:33:35'),
(615, 234, 27, 'pas faux sur le design', '2026-04-16 21:33:35'),
(616, 234, 8, 'pas convaincu sur l\'actu @NoctisDev', '2026-04-23 14:33:35'),
(617, 235, 28, 'c\'est chaud', '2026-03-31 15:33:35'),
(618, 235, 32, 'intéressant sur la modération', '2026-05-03 12:33:35'),
(619, 235, 25, 'exact @L_Lawliet', '2026-04-04 15:33:35'),
(620, 236, 32, 'gros oui sur l\'actu', '2026-03-26 20:33:35'),
(621, 236, 9, 'probablement sur le feed', '2026-04-02 03:33:35'),
(622, 236, 28, 'probablement sur la modération @FoxyTheBigYT', '2026-04-02 20:33:35'),
(623, 236, 32, 'pas convaincu sur le feed', '2026-04-25 06:33:35'),
(624, 236, 24, 'oui totalement', '2026-04-11 21:33:35'),
(625, 237, 35, 'bien vu', '2026-04-18 02:33:35'),
(626, 237, 24, 'probablement', '2026-04-15 14:33:35'),
(627, 237, 27, 'mdr sur l\'IA @Malenia', '2026-05-02 15:33:35'),
(628, 237, 28, 'intéressant', '2026-04-04 22:33:35'),
(629, 237, 28, 'mdr sur l\'IA', '2026-05-03 12:33:35'),
(630, 237, 32, 'j\'ai pensé pareil sur la modération', '2026-04-02 23:33:35'),
(631, 238, 7, 'mdr sur le design', '2026-03-27 04:33:35'),
(632, 238, 29, 'exact', '2026-03-31 23:33:35'),
(633, 239, 11, 'oui totalement', '2026-04-05 23:33:35'),
(634, 241, 35, 'ça se tient', '2026-04-01 22:33:35'),
(635, 241, 33, 'oui totalement', '2026-04-03 08:33:35'),
(636, 241, 26, 'intéressant', '2026-03-20 19:33:35'),
(637, 241, 9, 'j\'ai pensé pareil sur le design', '2026-03-28 01:33:35'),
(638, 241, 8, 'je valide @LunaStack', '2026-04-29 05:33:35'),
(639, 242, 8, 'mdr sur la modération', '2026-04-20 18:33:35'),
(640, 242, 30, 'je valide', '2026-04-23 00:33:35'),
(641, 242, 31, 'mdr sur la modération', '2026-04-27 12:33:35'),
(642, 242, 28, 'exact sur l\'IA @LunaStack', '2026-04-20 23:33:35'),
(643, 242, 25, 'grave', '2026-04-16 18:33:35'),
(644, 242, 26, 'je valide', '2026-04-11 20:33:35'),
(645, 242, 30, 'bien vu @Marion60__mod', '2026-03-30 12:33:35'),
(646, 243, 7, 'intéressant', '2026-03-20 14:33:35'),
(647, 243, 29, 'oui totalement @AstraNova', '2026-03-29 15:33:35'),
(648, 243, 24, 'bien vu', '2026-03-20 09:33:35'),
(649, 243, 25, 'probablement sur l\'IA @LunaStack', '2026-04-29 13:33:35'),
(650, 243, 24, 'c\'est chaud', '2026-04-20 02:33:35'),
(651, 243, 31, 'je suis d\'accord', '2026-04-15 11:33:35'),
(652, 243, 25, 'grave @FoxyTheBigYT', '2026-04-11 04:33:35'),
(653, 244, 31, 'pas faux', '2026-04-15 15:33:35'),
(654, 244, 8, 'exact sur ce sujet', '2026-03-31 06:33:35'),
(655, 244, 11, 'gros oui', '2026-03-22 15:33:35'),
(656, 244, 35, 'mdr @MikaFlow', '2026-03-24 02:33:35'),
(657, 245, 31, 'c\'est chaud', '2026-04-09 20:33:35'),
(658, 246, 34, 'faut voir', '2026-04-22 22:33:35'),
(659, 246, 24, 'mdr sur le feed', '2026-03-29 07:33:35'),
(660, 246, 25, 'je suis d\'accord', '2026-05-03 11:33:35'),
(661, 246, 33, 'faut voir', '2026-03-28 14:33:35'),
(662, 246, 30, 'probablement', '2026-03-28 21:33:35'),
(663, 248, 27, 'pas faux @PixelRaven', '2026-04-06 08:33:35'),
(664, 248, 25, 'probablement', '2026-03-31 19:33:35'),
(665, 248, 29, 'oui totalement', '2026-04-27 12:33:35'),
(666, 249, 24, 'exact sur ce sujet @PixelRaven', '2026-03-26 19:33:35'),
(667, 249, 30, 'oui totalement sur ce sujet', '2026-03-23 07:33:35'),
(668, 249, 25, 'gros oui sur la modération @AstraNova', '2026-03-22 00:33:35'),
(669, 249, 30, 'intéressant sur l\'IA @Malenia', '2026-04-13 09:33:35'),
(670, 249, 11, 'ça se tient', '2026-04-30 10:33:35'),
(671, 249, 32, 'pas convaincu', '2026-04-10 16:33:35'),
(672, 249, 28, 'je suis d\'accord sur l\'IA', '2026-05-04 19:33:35'),
(673, 250, 35, 'pas convaincu', '2026-04-04 15:33:35'),
(674, 250, 28, 'faut voir', '2026-04-25 17:33:35'),
(675, 250, 11, 'pas faux sur ce sujet', '2026-04-14 03:33:35'),
(676, 252, 25, 'je valide @AstraNova', '2026-04-22 06:33:35'),
(677, 252, 28, 'pas convaincu sur le feed', '2026-04-26 19:33:35'),
(678, 253, 8, 'grave @SoraByte', '2026-04-05 17:33:35'),
(679, 254, 9, 'ça se tient', '2026-03-25 15:33:35'),
(680, 254, 9, 'ça se tient sur le design', '2026-05-03 23:33:35'),
(681, 255, 24, 'ça se tient', '2026-04-19 13:33:35'),
(682, 255, 9, 'oui totalement sur l\'actu', '2026-04-26 09:33:35'),
(683, 255, 34, 'c\'est chaud sur le feed', '2026-03-30 19:33:35'),
(684, 255, 26, 'j\'ai pensé pareil', '2026-03-25 13:33:35'),
(685, 255, 30, 'probablement', '2026-05-04 14:33:35'),
(686, 255, 33, 'exact', '2026-04-25 07:33:35'),
(687, 255, 27, 'pas convaincu', '2026-03-27 20:33:35'),
(688, 256, 26, 'c\'est chaud', '2026-04-23 02:33:35'),
(689, 257, 32, 'grave', '2026-04-15 08:33:35'),
(690, 257, 7, 'bien vu sur ce sujet', '2026-04-11 12:33:35'),
(691, 257, 28, 'pas faux sur le design', '2026-03-24 22:33:35'),
(692, 257, 32, 'probablement', '2026-04-27 06:33:35'),
(693, 257, 26, 'pas convaincu sur l\'IA', '2026-04-07 20:33:35'),
(694, 257, 34, 'j\'ai pensé pareil', '2026-05-02 12:33:35'),
(695, 258, 25, 'pas convaincu', '2026-04-16 11:33:35'),
(696, 258, 8, 'c\'est chaud sur l\'actu @OrionPulse', '2026-04-02 06:33:35'),
(697, 258, 31, 'faut voir @FoxyTheBigYT', '2026-04-11 09:33:35'),
(698, 258, 32, 'pas faux', '2026-03-28 08:33:35'),
(699, 258, 7, 'faut voir sur le feed', '2026-04-30 05:33:35'),
(700, 258, 33, 'grave sur la modération', '2026-04-27 05:33:35'),
(701, 259, 11, 'faut voir', '2026-04-18 00:33:35'),
(702, 259, 7, 'oui totalement sur le feed @PixelRaven', '2026-04-28 13:33:35'),
(703, 259, 9, 'pas faux sur le design @Marion60_Admin', '2026-04-05 12:33:35'),
(704, 259, 35, 'grave', '2026-04-10 17:33:35'),
(705, 259, 8, 'ça se tient sur le feed @NeoMatiere', '2026-04-05 09:33:35'),
(706, 259, 8, 'exact sur l\'actu', '2026-03-20 15:33:35'),
(707, 261, 34, 'exact', '2026-04-03 21:33:35'),
(708, 262, 24, 'intéressant sur le design', '2026-04-15 08:33:35'),
(709, 263, 24, 'je valide', '2026-04-05 13:33:35'),
(710, 263, 26, 'je suis d\'accord', '2026-04-21 06:33:35'),
(711, 263, 30, 'mdr @Marion60__mod', '2026-04-02 03:33:35'),
(712, 263, 31, 'pas faux', '2026-04-29 20:33:35'),
(713, 263, 33, 'je suis d\'accord sur ce sujet', '2026-05-04 04:33:35'),
(714, 265, 24, 'pas faux sur la modération', '2026-04-06 06:33:35'),
(715, 265, 11, 'intéressant sur ce sujet @NoctisDev', '2026-04-14 23:33:35'),
(716, 265, 25, 'je valide sur l\'actu', '2026-04-05 19:33:35'),
(717, 266, 35, 'exact', '2026-04-04 05:33:35'),
(718, 266, 30, 'faut voir', '2026-04-29 03:33:35'),
(719, 266, 31, 'pas faux sur la modération', '2026-04-05 06:33:35'),
(720, 268, 24, 'j\'ai pensé pareil sur le feed', '2026-04-13 12:33:35'),
(721, 268, 33, 'probablement sur la modération', '2026-04-22 12:33:35'),
(722, 268, 33, 'exact', '2026-04-21 23:33:35'),
(723, 268, 25, 'pas faux sur l\'IA', '2026-04-26 11:33:35'),
(724, 268, 25, 'ça se tient sur la modération', '2026-05-02 21:33:35'),
(725, 268, 9, 'je suis d\'accord', '2026-04-06 06:33:35'),
(726, 268, 29, 'pas convaincu sur la modération @VantaFox', '2026-04-19 06:33:35'),
(727, 269, 28, 'probablement sur le feed @VantaFox', '2026-03-22 06:33:35'),
(728, 269, 30, 'c\'est chaud', '2026-05-01 01:33:35'),
(729, 269, 30, 'grave', '2026-04-17 08:33:35'),
(730, 269, 25, 'faut voir', '2026-04-02 07:33:35'),
(731, 270, 29, 'bien vu', '2026-04-02 23:33:35'),
(732, 270, 27, 'c\'est chaud', '2026-03-27 06:33:35'),
(733, 271, 24, 'pas convaincu', '2026-04-22 15:33:35'),
(734, 271, 29, 'je suis d\'accord', '2026-04-23 07:33:35'),
(735, 271, 27, 'je valide sur ce sujet', '2026-03-21 16:33:35'),
(736, 272, 25, 'oui totalement', '2026-04-17 06:33:35'),
(737, 272, 28, 'pas faux @FoxyTheBigYT', '2026-04-21 11:33:35'),
(738, 272, 11, 'probablement sur ce sujet', '2026-04-28 03:33:35'),
(739, 272, 35, 'pas convaincu sur l\'actu', '2026-04-07 11:33:35'),
(740, 272, 9, 'pas convaincu sur l\'IA @NeoMatiere', '2026-05-03 19:33:35'),
(741, 273, 8, 'probablement', '2026-04-05 10:33:35'),
(742, 273, 29, 'pas convaincu sur ce sujet', '2026-04-27 15:33:35'),
(743, 274, 9, 'exact @PixelRaven', '2026-04-13 12:33:35'),
(744, 275, 32, 'probablement', '2026-04-05 10:33:35'),
(745, 275, 26, 'grave', '2026-03-21 06:33:35'),
(746, 276, 9, 'je valide', '2026-04-19 18:33:35'),
(747, 276, 32, 'exact sur l\'IA', '2026-04-25 20:33:35'),
(748, 276, 29, 'mdr sur le feed', '2026-05-02 23:33:35'),
(749, 276, 34, 'j\'ai pensé pareil sur le design @PixelRaven', '2026-04-18 09:33:35'),
(750, 276, 11, 'c\'est chaud sur l\'IA @Marion60_Admin', '2026-03-30 07:33:35'),
(751, 276, 33, 'exact', '2026-03-21 06:33:35'),
(752, 277, 28, 'probablement sur ce sujet @MikaFlow', '2026-04-27 00:33:35'),
(753, 277, 33, 'pas convaincu', '2026-04-27 04:33:35'),
(754, 277, 27, 'ça se tient sur la modération', '2026-04-16 17:33:35'),
(755, 277, 35, 'oui totalement', '2026-05-04 18:33:35'),
(756, 277, 26, 'mdr sur la modération', '2026-03-20 17:33:35'),
(757, 278, 27, 'mdr', '2026-04-26 13:33:35'),
(758, 279, 24, 'c\'est chaud @VantaFox', '2026-03-26 05:33:35'),
(759, 279, 25, 'grave sur la modération', '2026-04-28 06:33:35'),
(760, 279, 32, 'oui totalement', '2026-04-05 09:33:35'),
(761, 279, 27, 'gros oui', '2026-04-16 08:33:35'),
(762, 280, 24, 'ça se tient sur l\'IA', '2026-04-18 06:33:35'),
(763, 280, 32, 'pas faux @KairoLink', '2026-04-27 10:33:35'),
(764, 280, 25, 'bien vu sur ce sujet', '2026-04-10 20:33:35'),
(765, 281, 7, 'je suis d\'accord sur l\'IA', '2026-04-09 02:33:35'),
(766, 281, 24, 'intéressant sur la modération', '2026-04-06 13:33:35'),
(767, 281, 27, 'bien vu sur le design', '2026-04-02 18:33:35'),
(768, 281, 35, 'probablement sur le design @PixelRaven', '2026-04-27 01:33:35'),
(769, 281, 27, 'exact sur le feed @Marion60_Admin', '2026-04-16 09:33:35'),
(770, 281, 26, 'je valide', '2026-04-06 10:33:35'),
(771, 281, 31, 'intéressant', '2026-04-17 12:33:35'),
(772, 282, 34, 'j\'ai pensé pareil', '2026-04-10 17:33:35'),
(773, 282, 7, 'oui totalement sur l\'IA', '2026-04-21 04:33:35'),
(774, 282, 33, 'faut voir sur le feed', '2026-03-27 15:33:35'),
(775, 282, 34, 'c\'est chaud sur l\'actu @KairoLink', '2026-04-14 12:33:35'),
(776, 283, 29, 'probablement', '2026-04-14 09:33:35'),
(777, 283, 28, 'mdr sur le feed', '2026-03-29 21:33:35'),
(778, 283, 31, 'probablement', '2026-05-04 05:33:35'),
(779, 283, 34, 'exact', '2026-03-30 07:33:35'),
(780, 284, 7, 'je suis d\'accord', '2026-03-23 07:33:35'),
(781, 284, 8, 'exact sur l\'IA', '2026-04-30 19:33:35'),
(782, 284, 11, 'exact', '2026-04-28 03:33:35'),
(783, 284, 33, 'bien vu', '2026-04-20 16:33:35'),
(784, 284, 28, 'oui totalement', '2026-03-20 22:33:35'),
(785, 284, 33, 'grave sur la modération', '2026-05-01 08:33:35'),
(786, 285, 9, 'oui totalement', '2026-04-05 01:33:35'),
(787, 285, 9, 'probablement sur l\'IA @Marion60__mod', '2026-04-10 03:33:35'),
(788, 288, 25, 'je valide', '2026-05-04 09:33:35'),
(789, 288, 25, 'gros oui', '2026-04-20 12:33:35'),
(790, 289, 32, 'je suis d\'accord sur l\'actu', '2026-04-07 09:33:35'),
(791, 289, 27, 'gros oui @LunaStack', '2026-03-22 23:33:35'),
(792, 289, 30, 'je valide sur la modération', '2026-04-29 14:33:35'),
(793, 289, 27, 'je suis d\'accord sur le design', '2026-04-07 11:33:35'),
(794, 290, 11, 'mdr sur le feed', '2026-03-29 21:33:35'),
(795, 290, 8, 'c\'est chaud', '2026-04-29 22:33:35'),
(796, 290, 7, 'ça se tient', '2026-04-28 23:33:35'),
(797, 290, 29, 'pas convaincu', '2026-04-10 02:33:35'),
(798, 292, 35, 'ça se tient', '2026-03-30 03:33:35'),
(799, 292, 24, 'j\'ai pensé pareil', '2026-04-26 13:33:35'),
(800, 292, 28, 'pas convaincu', '2026-04-25 09:33:35'),
(801, 292, 8, 'probablement', '2026-04-25 00:33:35'),
(802, 293, 30, 'grave sur le feed', '2026-03-28 13:33:35'),
(803, 293, 32, 'exact sur l\'actu', '2026-04-17 11:33:35'),
(804, 293, 32, 'mdr', '2026-03-24 04:33:35'),
(805, 293, 35, 'bien vu @NeoMatiere', '2026-03-26 20:33:35'),
(806, 294, 8, 'grave sur la modération', '2026-03-29 18:33:35'),
(807, 294, 31, 'grave sur le design @VantaFox', '2026-03-23 20:33:35'),
(808, 295, 8, 'je suis d\'accord sur le feed @MikaFlow', '2026-04-11 15:33:35'),
(809, 295, 33, 'mdr sur l\'actu', '2026-04-12 14:33:35'),
(810, 295, 33, 'je suis d\'accord sur l\'actu', '2026-04-14 15:33:35'),
(811, 295, 11, 'ça se tient sur ce sujet', '2026-04-19 14:33:35'),
(812, 295, 7, 'exact', '2026-03-25 21:33:35'),
(813, 295, 27, 'bien vu sur ce sujet @Marion60__mod', '2026-04-08 14:33:35'),
(814, 295, 34, 'mdr sur le feed', '2026-05-01 08:33:35'),
(815, 296, 24, 'exact sur l\'actu', '2026-04-08 12:33:35'),
(816, 296, 29, 'ça se tient sur le design', '2026-04-06 04:33:35'),
(817, 296, 24, 'je valide @L_Lawliet', '2026-04-24 10:33:35'),
(818, 296, 31, 'intéressant', '2026-04-25 21:33:35'),
(819, 297, 31, 'je valide', '2026-04-29 07:33:35'),
(820, 297, 29, 'exact', '2026-03-21 01:33:35'),
(821, 297, 27, 'je suis d\'accord @VantaFox', '2026-04-17 15:33:35'),
(822, 297, 31, 'gros oui sur le feed @LunaStack', '2026-04-10 04:33:35'),
(823, 297, 11, 'pas faux @L_Lawliet', '2026-04-13 14:33:35'),
(824, 298, 27, 'je valide sur le feed', '2026-04-29 23:33:35'),
(825, 298, 24, 'intéressant @Malenia', '2026-04-20 13:33:35'),
(826, 298, 30, 'grave sur ce sujet', '2026-05-04 10:33:35'),
(827, 298, 35, 'faut voir @Malenia', '2026-04-24 20:33:35'),
(828, 298, 29, 'j\'ai pensé pareil @NoctisDev', '2026-04-02 18:33:35'),
(829, 298, 8, 'grave sur la modération', '2026-04-14 17:33:35'),
(830, 299, 30, 'pas convaincu sur le design', '2026-04-24 18:33:35'),
(831, 299, 28, 'je suis d\'accord sur l\'IA', '2026-03-23 04:33:35'),
(832, 299, 32, 'intéressant sur la modération @Marion60_Admin', '2026-04-16 01:33:35'),
(833, 299, 24, 'je valide @KairoLink', '2026-03-26 01:33:35'),
(834, 299, 31, 'intéressant sur le design', '2026-04-09 23:33:35'),
(835, 299, 35, 'faut voir sur l\'IA', '2026-04-25 01:33:35'),
(836, 300, 9, 'pas faux sur la modération', '2026-04-12 05:33:35'),
(837, 300, 24, 'je suis d\'accord @NeoMatiere', '2026-04-16 22:33:35'),
(838, 300, 34, 'je suis d\'accord', '2026-04-06 04:33:35'),
(839, 300, 35, 'oui totalement', '2026-04-19 22:33:35'),
(840, 300, 24, 'gros oui', '2026-04-06 19:33:35'),
(841, 300, 34, 'bien vu sur le design @AstraNova', '2026-05-01 17:33:35'),
(842, 301, 26, 'c\'est chaud sur l\'IA', '2026-03-24 08:33:35'),
(843, 301, 9, 'intéressant sur le feed @SoraByte', '2026-05-02 02:33:35'),
(844, 301, 26, 'faut voir', '2026-04-08 20:33:35'),
(845, 301, 31, 'bien vu sur ce sujet @OrionPulse', '2026-04-12 00:33:35'),
(846, 301, 24, 'gros oui sur le feed @Malenia', '2026-04-21 03:33:35'),
(847, 301, 27, 'bien vu', '2026-05-04 02:33:35'),
(848, 301, 9, 'pas faux @L_Lawliet', '2026-04-06 00:33:35'),
(849, 302, 7, 'probablement sur le design @LunaStack', '2026-03-23 19:33:35'),
(850, 302, 34, 'probablement', '2026-04-25 15:33:35'),
(851, 302, 27, 'ça se tient', '2026-04-13 00:33:35'),
(852, 302, 35, 'bien vu', '2026-04-21 06:33:35'),
(853, 302, 27, 'probablement', '2026-04-06 14:33:35'),
(854, 302, 29, 'gros oui', '2026-05-01 01:33:35'),
(855, 303, 11, 'grave @Marion60_Admin', '2026-04-07 07:33:35'),
(856, 303, 35, 'je valide sur l\'IA', '2026-04-10 06:33:35'),
(857, 304, 7, 'pas faux sur l\'IA', '2026-04-19 09:33:35'),
(858, 304, 33, 'j\'ai pensé pareil sur ce sujet', '2026-04-05 01:33:35'),
(859, 304, 24, 'faut voir', '2026-04-22 10:33:35'),
(860, 304, 31, 'bien vu', '2026-04-28 05:33:35'),
(861, 305, 26, 'je suis d\'accord sur l\'IA', '2026-03-21 14:33:35'),
(862, 305, 8, 'pas faux @NeoMatiere', '2026-04-05 11:33:35'),
(863, 306, 9, 'pas faux', '2026-05-03 15:33:35'),
(864, 306, 24, 'exact', '2026-04-19 12:33:35'),
(865, 306, 31, 'c\'est chaud sur la modération @KairoLink', '2026-03-26 05:33:35'),
(866, 306, 26, 'j\'ai pensé pareil sur le design @MikaFlow', '2026-04-18 16:33:35'),
(867, 306, 30, 'gros oui sur le feed', '2026-04-27 23:33:35'),
(868, 306, 27, 'pas convaincu', '2026-04-25 12:33:35'),
(869, 308, 24, 'je suis d\'accord @NoctisDev', '2026-04-14 19:33:35'),
(870, 308, 8, 'pas faux sur la modération', '2026-04-13 19:33:35'),
(871, 308, 33, 'oui totalement sur le design', '2026-05-05 01:33:35'),
(872, 308, 25, 'ça se tient @Malenia', '2026-04-05 03:33:35'),
(873, 308, 35, 'bien vu @Marion60__mod', '2026-04-18 09:33:35'),
(874, 308, 34, 'faut voir', '2026-04-08 21:33:35'),
(875, 308, 7, 'j\'ai pensé pareil', '2026-05-03 07:33:35'),
(876, 309, 31, 'oui totalement sur le feed @L_Lawliet', '2026-04-18 16:33:35'),
(877, 309, 30, 'faut voir', '2026-03-28 17:33:35'),
(878, 309, 30, 'exact sur le feed', '2026-05-01 20:33:35'),
(879, 309, 34, 'probablement @FoxyTheBigYT', '2026-04-23 00:33:35'),
(880, 310, 35, 'je valide sur le feed', '2026-04-23 06:33:35'),
(881, 310, 35, 'ça se tient sur la modération @NoctisDev', '2026-04-12 04:33:35'),
(882, 310, 11, 'ça se tient', '2026-04-02 06:33:35'),
(883, 311, 33, 'j\'ai pensé pareil sur l\'actu', '2026-03-25 11:33:35'),
(884, 311, 28, 'faut voir sur le feed @Malenia', '2026-03-30 09:33:35'),
(885, 312, 27, 'probablement', '2026-04-10 01:33:35'),
(886, 312, 31, 'faut voir sur l\'IA', '2026-05-04 18:33:35'),
(887, 312, 11, 'mdr sur l\'actu', '2026-04-04 21:33:35'),
(888, 312, 26, 'faut voir sur la modération', '2026-04-13 13:33:35'),
(889, 312, 8, 'pas convaincu', '2026-04-04 09:33:35'),
(890, 313, 7, 'probablement sur l\'IA', '2026-03-26 06:33:35'),
(891, 313, 33, 'je suis d\'accord', '2026-04-16 07:33:35'),
(892, 313, 9, 'je valide sur le feed', '2026-04-05 03:33:35'),
(893, 313, 29, 'intéressant sur l\'IA @AstraNova', '2026-04-07 00:33:35'),
(894, 314, 25, 'j\'ai pensé pareil', '2026-04-12 01:33:35'),
(895, 314, 33, 'probablement sur le design', '2026-03-27 00:33:35'),
(896, 314, 9, 'je valide sur le feed @SoraByte', '2026-04-17 09:33:35'),
(897, 314, 29, 'oui totalement sur l\'IA', '2026-04-10 06:33:35'),
(898, 314, 35, 'je valide', '2026-03-30 00:33:35'),
(899, 314, 25, 'gros oui @Marion60_Admin', '2026-04-05 18:33:35'),
(900, 314, 11, 'pas faux @VantaFox', '2026-05-04 14:33:35'),
(901, 316, 7, 'j\'ai pensé pareil sur ce sujet', '2026-03-28 00:33:35'),
(902, 316, 30, 'je valide @Marion60_Admin', '2026-03-31 00:33:35'),
(903, 316, 28, 'pas convaincu sur ce sujet', '2026-04-09 14:33:35'),
(904, 317, 26, 'exact sur l\'IA', '2026-04-06 10:33:35'),
(905, 317, 25, 'ça se tient', '2026-04-06 13:33:35'),
(906, 317, 30, 'pas faux', '2026-03-21 21:33:35'),
(907, 317, 7, 'intéressant', '2026-03-30 23:33:35'),
(908, 317, 31, 'faut voir sur la modération', '2026-04-27 14:33:35'),
(909, 317, 30, 'ça se tient sur ce sujet', '2026-04-08 05:33:35'),
(910, 317, 11, 'intéressant', '2026-04-01 08:33:35'),
(911, 318, 31, 'pas convaincu', '2026-04-01 07:33:35'),
(912, 319, 11, 'probablement @SoraByte', '2026-04-24 15:33:35'),
(913, 319, 28, 'j\'ai pensé pareil sur ce sujet @PixelRaven', '2026-03-28 03:33:35'),
(914, 319, 9, 'bien vu', '2026-04-10 02:33:35'),
(915, 319, 7, 'pas convaincu sur ce sujet @Marion60_Admin', '2026-04-16 05:33:35'),
(916, 320, 9, 'intéressant @LunaStack', '2026-04-12 18:33:35'),
(917, 320, 30, 'mdr', '2026-04-10 14:33:35'),
(918, 320, 9, 'bien vu sur l\'IA @LunaStack', '2026-03-28 19:33:35'),
(919, 321, 26, 'pas convaincu @OrionPulse', '2026-03-23 14:33:35'),
(920, 321, 35, 'bien vu', '2026-03-25 06:33:35'),
(921, 321, 27, 'ça se tient', '2026-04-19 01:33:35'),
(922, 321, 8, 'pas faux sur ce sujet @OrionPulse', '2026-05-05 00:33:35'),
(923, 324, 32, 'j\'ai pensé pareil', '2026-04-01 08:33:36'),
(924, 324, 31, 'pas faux sur la modération', '2026-04-01 03:33:36'),
(925, 326, 33, 'c\'est chaud sur ce sujet', '2026-04-29 10:33:36'),
(926, 326, 31, 'bien vu', '2026-04-24 19:33:36'),
(927, 326, 29, 'oui totalement @NoctisDev', '2026-04-19 06:33:36'),
(928, 327, 27, 'oui totalement sur le design @VantaFox', '2026-04-09 23:33:36'),
(929, 327, 24, 'faut voir', '2026-04-16 04:33:36'),
(930, 327, 28, 'je valide', '2026-04-29 03:33:36'),
(931, 327, 29, 'oui totalement', '2026-04-26 00:33:36'),
(932, 328, 35, 'faut voir @FoxyTheBigYT', '2026-04-19 22:33:36'),
(933, 328, 7, 'ça se tient @L_Lawliet', '2026-04-21 16:33:36'),
(934, 329, 35, 'faut voir', '2026-04-03 14:33:36'),
(935, 329, 35, 'j\'ai pensé pareil', '2026-03-29 18:33:36'),
(936, 329, 9, 'oui totalement', '2026-04-22 17:33:36'),
(937, 329, 30, 'ça se tient sur l\'actu', '2026-04-11 17:33:36'),
(938, 329, 27, 'mdr @FoxyTheBigYT', '2026-04-21 22:33:36'),
(939, 329, 29, 'je valide sur ce sujet', '2026-04-29 02:33:36'),
(940, 329, 35, 'faut voir sur ce sujet @FoxyTheBigYT', '2026-04-29 14:33:36'),
(941, 330, 24, 'ça se tient sur l\'actu', '2026-03-26 18:33:36'),
(942, 330, 27, 'pas convaincu', '2026-04-02 22:33:36'),
(943, 330, 24, 'mdr sur l\'IA', '2026-04-13 20:33:36'),
(944, 331, 28, 'pas faux sur ce sujet', '2026-04-12 23:33:36'),
(945, 331, 31, 'grave sur l\'IA', '2026-05-04 07:33:36'),
(946, 331, 30, 'mdr sur le feed', '2026-04-28 06:33:36'),
(947, 333, 11, 'probablement sur le design', '2026-04-02 01:33:36'),
(948, 335, 28, 'gros oui sur le feed @AstraNova', '2026-04-14 00:33:36'),
(949, 335, 30, 'grave', '2026-04-06 12:33:36'),
(950, 335, 28, 'exact sur l\'actu', '2026-03-28 19:33:36'),
(951, 335, 34, 'probablement @MikaFlow', '2026-04-12 22:33:36'),
(952, 335, 33, 'grave @NoctisDev', '2026-04-03 04:33:36'),
(953, 336, 30, 'j\'ai pensé pareil sur le design', '2026-05-02 14:33:36'),
(954, 336, 7, 'c\'est chaud', '2026-04-19 18:33:36'),
(955, 336, 26, 'mdr', '2026-03-30 04:33:36'),
(956, 337, 26, 'exact', '2026-04-15 07:33:36'),
(957, 337, 28, 'pas faux', '2026-05-04 13:33:36'),
(958, 337, 31, 'pas convaincu sur la modération @FoxyTheBigYT', '2026-04-13 09:33:36'),
(959, 337, 31, 'je valide sur ce sujet', '2026-04-06 10:33:36'),
(960, 337, 27, 'j\'ai pensé pareil', '2026-05-05 02:33:36'),
(961, 337, 28, 'ça se tient sur la modération @Marion60_Admin', '2026-04-16 16:33:36'),
(962, 338, 28, 'j\'ai pensé pareil', '2026-05-04 20:33:36'),
(963, 338, 33, 'intéressant', '2026-04-09 05:33:36'),
(964, 338, 34, 'intéressant', '2026-03-20 14:33:36'),
(965, 338, 29, 'j\'ai pensé pareil', '2026-03-23 17:33:36'),
(966, 338, 11, 'bien vu', '2026-03-29 17:33:36'),
(967, 338, 24, 'mdr sur l\'actu', '2026-05-02 21:33:36'),
(968, 338, 31, 'intéressant', '2026-03-29 22:33:36'),
(969, 339, 28, 'oui totalement', '2026-04-16 21:33:36'),
(970, 339, 11, 'pas faux', '2026-05-03 01:33:36'),
(971, 342, 27, 'probablement sur l\'actu', '2026-04-15 10:33:36'),
(972, 342, 24, 'je suis d\'accord', '2026-03-29 08:33:36'),
(973, 342, 9, 'oui totalement sur l\'actu', '2026-04-17 14:33:36'),
(974, 342, 11, 'c\'est chaud @LunaStack', '2026-03-27 17:33:36'),
(975, 343, 24, 'exact', '2026-04-22 12:33:36'),
(976, 343, 26, 'mdr sur ce sujet', '2026-04-15 05:33:36'),
(977, 343, 7, 'faut voir sur l\'actu', '2026-04-02 05:33:36'),
(978, 343, 33, 'j\'ai pensé pareil sur l\'IA', '2026-04-12 20:33:36'),
(979, 343, 34, 'pas convaincu @Marion60__mod', '2026-03-24 19:33:36'),
(980, 343, 24, 'oui totalement sur le design', '2026-03-27 07:33:36'),
(981, 343, 31, 'mdr @FoxyTheBigYT', '2026-04-17 23:33:36'),
(982, 344, 7, 'mdr sur l\'actu', '2026-03-30 12:33:36'),
(983, 344, 31, 'exact', '2026-04-15 20:33:36'),
(984, 344, 26, 'mdr', '2026-04-17 17:33:36'),
(985, 345, 11, 'oui totalement @AstraNova', '2026-04-19 06:33:36'),
(986, 345, 11, 'je suis d\'accord', '2026-04-07 15:33:36'),
(987, 345, 35, 'pas faux', '2026-03-25 16:33:36'),
(988, 345, 24, 'oui totalement sur ce sujet', '2026-04-11 00:33:36'),
(989, 345, 25, 'grave', '2026-04-09 19:33:36'),
(990, 345, 25, 'grave', '2026-04-07 12:33:36'),
(991, 346, 11, 'j\'ai pensé pareil', '2026-04-24 16:33:36'),
(992, 346, 11, 'pas convaincu', '2026-05-02 15:33:36'),
(993, 346, 35, 'gros oui', '2026-04-13 13:33:36'),
(994, 347, 25, 'exact', '2026-03-23 16:33:36'),
(995, 347, 24, 'je suis d\'accord', '2026-04-01 18:33:36'),
(996, 347, 33, 'faut voir', '2026-04-10 19:33:36'),
(997, 347, 34, 'oui totalement sur ce sujet @NoctisDev', '2026-04-18 08:33:36'),
(998, 347, 24, 'je suis d\'accord @AstraNova', '2026-04-21 05:33:36'),
(999, 347, 30, 'bien vu sur le design @NeoMatiere', '2026-04-28 18:33:36'),
(1000, 347, 30, 'pas convaincu sur le feed', '2026-04-27 08:33:36'),
(1001, 348, 7, 'probablement', '2026-03-25 23:33:36'),
(1002, 348, 26, 'exact sur la modération', '2026-04-25 01:33:36'),
(1003, 350, 9, 'faut voir', '2026-03-22 17:33:36'),
(1004, 351, 33, 'c\'est chaud sur la modération', '2026-04-09 18:33:36'),
(1005, 351, 30, 'pas faux', '2026-04-23 11:33:36'),
(1006, 351, 34, 'j\'ai pensé pareil sur le design', '2026-04-10 07:33:36'),
(1007, 351, 25, 'j\'ai pensé pareil', '2026-04-09 11:33:36'),
(1008, 351, 25, 'bien vu', '2026-04-12 18:33:36'),
(1009, 351, 29, 'faut voir sur le feed', '2026-03-29 20:33:36'),
(1010, 352, 32, 'faut voir', '2026-03-24 06:33:36'),
(1011, 352, 29, 'je suis d\'accord', '2026-04-05 00:33:36'),
(1012, 352, 24, 'intéressant', '2026-04-23 12:33:36'),
(1013, 352, 24, 'je valide @L_Lawliet', '2026-04-02 09:33:36'),
(1014, 352, 25, 'pas faux', '2026-03-25 22:33:36'),
(1015, 352, 34, 'faut voir @SoraByte', '2026-04-17 15:33:36'),
(1016, 353, 34, 'probablement', '2026-04-17 20:33:36'),
(1017, 353, 30, 'gros oui', '2026-04-21 13:33:36'),
(1018, 355, 30, 'exact @KairoLink', '2026-04-24 11:33:36'),
(1019, 355, 30, 'pas convaincu', '2026-03-28 02:33:36'),
(1020, 355, 25, 'grave sur le feed', '2026-04-02 06:33:36'),
(1021, 355, 27, 'pas faux', '2026-04-29 20:33:36'),
(1022, 355, 11, 'pas faux', '2026-04-08 03:33:36'),
(1023, 355, 31, 'exact @VantaFox', '2026-04-13 01:33:36'),
(1024, 356, 34, 'grave @Malenia', '2026-04-10 19:33:36'),
(1025, 356, 35, 'intéressant sur ce sujet', '2026-04-27 03:33:36'),
(1026, 357, 24, 'pas convaincu sur le design', '2026-04-28 10:33:36'),
(1027, 357, 24, 'pas convaincu', '2026-03-30 07:33:36'),
(1028, 357, 33, 'j\'ai pensé pareil sur l\'actu @Marion60__mod', '2026-03-21 10:33:36'),
(1029, 357, 34, 'c\'est chaud sur l\'IA', '2026-03-28 02:33:36'),
(1030, 357, 8, 'c\'est chaud @NoctisDev', '2026-04-03 09:33:36'),
(1031, 358, 7, 'grave sur ce sujet', '2026-04-21 08:33:36'),
(1032, 358, 8, 'bien vu sur le feed', '2026-04-02 11:33:36'),
(1033, 358, 30, 'probablement sur le design @PixelRaven', '2026-04-03 04:33:36'),
(1034, 358, 28, 'faut voir sur le feed @Marion60__mod', '2026-04-24 14:33:36'),
(1035, 358, 29, 'j\'ai pensé pareil', '2026-04-19 01:33:36'),
(1036, 358, 27, 'mdr @KairoLink', '2026-04-07 22:33:36'),
(1037, 358, 34, 'je suis d\'accord', '2026-04-02 16:33:36'),
(1038, 360, 9, 'ça se tient @OrionPulse', '2026-04-23 14:33:36'),
(1039, 360, 35, 'ça se tient @AstraNova', '2026-05-01 01:33:36'),
(1040, 360, 26, 'bien vu sur l\'actu', '2026-04-30 20:33:36'),
(1041, 360, 28, 'je suis d\'accord sur ce sujet @KairoLink', '2026-03-31 02:33:36'),
(1042, 361, 34, 'j\'ai pensé pareil', '2026-04-05 18:33:36'),
(1043, 361, 24, 'gros oui sur ce sujet', '2026-04-13 10:33:36'),
(1044, 362, 35, 'pas faux', '2026-04-29 07:33:36'),
(1045, 362, 9, 'oui totalement', '2026-03-25 15:33:36'),
(1046, 363, 29, 'probablement @NoctisDev', '2026-04-09 06:33:36'),
(1047, 363, 9, 'intéressant sur l\'IA @NoctisDev', '2026-04-29 15:33:36'),
(1048, 363, 9, 'exact sur l\'actu', '2026-04-27 16:33:36'),
(1049, 363, 33, 'gros oui @Marion60__mod', '2026-03-27 08:33:36'),
(1050, 363, 24, 'c\'est chaud @PixelRaven', '2026-04-28 20:33:36'),
(1051, 364, 32, 'je suis d\'accord @VantaFox', '2026-04-07 21:33:36'),
(1052, 364, 29, 'intéressant sur le design', '2026-03-29 12:33:36'),
(1053, 364, 24, 'intéressant', '2026-04-28 07:33:36'),
(1054, 364, 31, 'oui totalement @Marion60_Admin', '2026-04-11 23:33:36'),
(1055, 365, 9, 'intéressant', '2026-04-17 20:33:36'),
(1056, 366, 25, 'j\'ai pensé pareil', '2026-03-27 00:33:36'),
(1057, 366, 30, 'gros oui', '2026-05-03 11:33:36'),
(1058, 366, 29, 'bien vu sur le feed', '2026-04-06 11:33:36'),
(1059, 366, 35, 'intéressant sur l\'IA @Malenia', '2026-04-13 14:33:36'),
(1060, 366, 28, 'je suis d\'accord', '2026-04-22 00:33:36'),
(1061, 369, 35, 'probablement', '2026-04-29 14:33:36'),
(1062, 369, 27, 'probablement sur le design @Malenia', '2026-04-13 09:33:36'),
(1063, 369, 9, 'bien vu sur ce sujet', '2026-04-24 05:33:36'),
(1064, 369, 33, 'ça se tient', '2026-05-01 17:33:36'),
(1065, 369, 31, 'faut voir sur ce sujet @LunaStack', '2026-04-21 20:33:36'),
(1066, 369, 24, 'grave @Marion60__mod', '2026-03-28 06:33:36'),
(1067, 370, 27, 'je suis d\'accord sur l\'actu', '2026-04-26 16:33:36'),
(1068, 370, 24, 'exact sur l\'actu', '2026-04-26 05:33:36'),
(1069, 370, 7, 'j\'ai pensé pareil @KairoLink', '2026-04-08 08:33:36'),
(1070, 371, 9, 'je valide', '2026-05-01 22:33:36'),
(1071, 372, 32, 'bien vu @LunaStack', '2026-05-05 00:33:36'),
(1072, 372, 11, 'je valide', '2026-04-05 15:33:36'),
(1073, 372, 9, 'bien vu', '2026-03-24 18:33:36'),
(1074, 372, 33, 'je suis d\'accord @KairoLink', '2026-03-25 15:33:36'),
(1075, 372, 33, 'ça se tient', '2026-04-12 15:33:36'),
(1076, 372, 26, 'faut voir sur le feed @OrionPulse', '2026-04-12 00:33:36'),
(1077, 373, 9, 'exact @NeoMatiere', '2026-05-01 07:33:36'),
(1078, 373, 31, 'exact sur le feed @FoxyTheBigYT', '2026-05-03 06:33:36'),
(1079, 373, 29, 'gros oui', '2026-04-07 14:33:36'),
(1080, 373, 7, 'je valide sur le feed', '2026-03-29 12:33:36'),
(1081, 373, 9, 'pas convaincu', '2026-04-01 04:33:36'),
(1082, 373, 11, 'pas convaincu @L_Lawliet', '2026-04-05 15:33:36'),
(1083, 374, 34, 'mdr sur le design', '2026-04-05 23:33:36'),
(1084, 374, 9, 'je suis d\'accord sur l\'IA', '2026-04-30 12:33:36'),
(1085, 374, 31, 'mdr sur l\'IA @FoxyTheBigYT', '2026-04-09 16:33:36'),
(1086, 374, 27, 'c\'est chaud sur l\'actu @LunaStack', '2026-05-01 08:33:36'),
(1087, 374, 32, 'exact @OrionPulse', '2026-04-15 06:33:36'),
(1088, 374, 34, 'grave @VantaFox', '2026-03-25 16:33:36'),
(1089, 375, 32, 'j\'ai pensé pareil sur ce sujet', '2026-04-20 09:33:36'),
(1090, 375, 26, 'pas convaincu @KairoLink', '2026-04-05 13:33:36'),
(1091, 375, 8, 'je suis d\'accord sur la modération', '2026-03-26 16:33:36'),
(1092, 375, 24, 'mdr', '2026-04-22 10:33:36'),
(1093, 375, 31, 'je suis d\'accord', '2026-04-11 13:33:36'),
(1094, 377, 11, 'faut voir sur l\'IA', '2026-04-09 23:33:36'),
(1095, 377, 28, 'exact', '2026-04-27 03:33:36'),
(1096, 377, 25, 'faut voir sur le feed', '2026-04-29 00:33:36'),
(1097, 377, 27, 'c\'est chaud', '2026-04-14 18:33:36'),
(1098, 377, 26, 'bien vu sur ce sujet', '2026-04-14 02:33:36'),
(1099, 377, 28, 'exact', '2026-04-09 15:33:36'),
(1100, 377, 29, 'probablement', '2026-04-02 01:33:36'),
(1101, 378, 31, 'oui totalement', '2026-03-26 11:33:36'),
(1102, 378, 11, 'gros oui sur ce sujet', '2026-04-03 17:33:36'),
(1103, 378, 34, 'faut voir sur l\'IA', '2026-04-02 14:33:36'),
(1104, 379, 32, 'mdr sur le design', '2026-03-21 23:33:36'),
(1105, 379, 31, 'ça se tient sur la modération', '2026-04-20 10:33:36'),
(1106, 379, 28, 'je valide sur la modération', '2026-03-21 08:33:36'),
(1107, 379, 35, 'gros oui', '2026-04-04 00:33:36'),
(1108, 379, 28, 'intéressant sur la modération', '2026-04-22 19:33:36'),
(1109, 380, 7, 'probablement sur la modération', '2026-04-20 09:33:36'),
(1110, 381, 31, 'intéressant', '2026-05-04 21:33:36'),
(1111, 382, 11, 'oui totalement', '2026-04-16 17:33:36'),
(1112, 382, 33, 'pas convaincu sur le design', '2026-04-24 11:33:36'),
(1113, 382, 34, 'exact @L_Lawliet', '2026-04-13 15:33:36'),
(1114, 382, 35, 'exact sur le design', '2026-03-22 08:33:36'),
(1115, 382, 24, 'je suis d\'accord sur l\'IA', '2026-04-29 01:33:36'),
(1116, 382, 8, 'grave sur l\'IA', '2026-04-12 11:33:36'),
(1117, 383, 30, 'pas faux', '2026-03-28 15:33:36'),
(1118, 383, 30, 'mdr', '2026-04-14 20:33:36'),
(1119, 383, 26, 'faut voir sur le design @NoctisDev', '2026-04-23 19:33:36'),
(1120, 383, 26, 'ça se tient sur le design', '2026-04-12 04:33:36'),
(1121, 383, 35, 'bien vu @Marion60_Admin', '2026-03-25 03:33:36'),
(1122, 383, 11, 'grave sur le feed', '2026-04-07 12:33:36'),
(1123, 384, 24, 'mdr', '2026-04-21 21:33:36'),
(1124, 384, 34, 'faut voir', '2026-04-10 09:33:36'),
(1125, 384, 32, 'c\'est chaud sur ce sujet', '2026-04-21 20:33:36'),
(1126, 384, 24, 'pas convaincu sur la modération', '2026-04-20 05:33:36'),
(1127, 384, 11, 'grave', '2026-04-05 00:33:36'),
(1128, 384, 27, 'faut voir sur ce sujet @AstraNova', '2026-05-01 16:33:36'),
(1129, 385, 35, 'faut voir sur l\'actu', '2026-03-31 07:33:36'),
(1130, 385, 30, 'pas faux @Marion60_Admin', '2026-03-29 18:33:36'),
(1131, 385, 25, 'bien vu', '2026-03-22 00:33:36'),
(1132, 385, 29, 'intéressant sur l\'actu', '2026-04-06 19:33:36'),
(1133, 386, 7, 'grave sur la modération', '2026-04-07 01:33:36'),
(1134, 386, 28, 'grave', '2026-03-27 11:33:36'),
(1135, 386, 32, 'grave sur le feed', '2026-04-29 12:33:36'),
(1136, 387, 34, 'faut voir sur l\'IA', '2026-04-03 08:33:36');
INSERT INTO `comments` (`id`, `post_id`, `user_id`, `content`, `created_at`) VALUES
(1137, 387, 35, 'pas faux sur le design', '2026-04-06 00:33:36'),
(1138, 387, 31, 'je suis d\'accord', '2026-04-26 03:33:36'),
(1139, 387, 27, 'grave sur le design', '2026-04-12 10:33:36'),
(1140, 388, 30, 'gros oui', '2026-04-16 03:33:36'),
(1141, 388, 25, 'ça se tient', '2026-04-13 00:33:36'),
(1142, 388, 7, 'faut voir', '2026-05-04 11:33:36'),
(1143, 389, 11, 'faut voir sur l\'actu @PixelRaven', '2026-05-02 22:33:36'),
(1144, 389, 30, 'ça se tient', '2026-04-29 03:33:36'),
(1145, 389, 33, 'exact', '2026-05-03 12:33:36'),
(1146, 389, 32, 'je valide @NeoMatiere', '2026-03-23 10:33:36'),
(1147, 389, 25, 'j\'ai pensé pareil', '2026-03-27 14:33:36'),
(1148, 389, 26, 'faut voir', '2026-04-03 13:33:36'),
(1149, 389, 31, 'pas convaincu sur l\'IA', '2026-03-29 03:33:36'),
(1150, 390, 29, 'oui totalement sur le design', '2026-04-28 13:33:36'),
(1151, 390, 26, 'pas faux sur l\'IA', '2026-03-20 11:33:36'),
(1152, 390, 7, 'je valide @KairoLink', '2026-04-23 17:33:36'),
(1153, 390, 11, 'j\'ai pensé pareil sur le design', '2026-04-19 13:33:36'),
(1154, 390, 7, 'je valide sur le design @MikaFlow', '2026-04-24 21:33:36'),
(1155, 390, 29, 'mdr', '2026-03-21 19:33:36'),
(1156, 390, 28, 'je suis d\'accord', '2026-04-10 11:33:36'),
(1157, 391, 26, 'j\'ai pensé pareil', '2026-03-30 09:33:36'),
(1158, 391, 33, 'je valide sur le design', '2026-04-18 11:33:36'),
(1159, 391, 25, 'gros oui sur le feed', '2026-04-13 05:33:36'),
(1160, 391, 8, 'c\'est chaud', '2026-04-19 09:33:36'),
(1161, 392, 25, 'intéressant', '2026-04-30 03:33:36'),
(1162, 393, 8, 'c\'est chaud', '2026-04-29 12:33:36'),
(1163, 393, 32, 'oui totalement', '2026-04-17 04:33:36'),
(1164, 393, 28, 'pas convaincu sur l\'actu', '2026-04-26 04:33:36'),
(1165, 393, 30, 'grave', '2026-04-19 01:33:36'),
(1166, 393, 11, 'gros oui', '2026-03-25 15:33:36'),
(1167, 394, 34, 'oui totalement sur le feed @LunaStack', '2026-03-21 10:33:36'),
(1168, 394, 24, 'c\'est chaud @LunaStack', '2026-04-22 11:33:36'),
(1169, 394, 30, 'je suis d\'accord', '2026-04-02 01:33:36'),
(1170, 396, 35, 'je valide', '2026-04-28 00:33:36'),
(1171, 396, 28, 'je suis d\'accord sur l\'IA', '2026-04-13 01:33:36'),
(1172, 396, 25, 'je valide sur le design', '2026-04-15 01:33:36'),
(1173, 396, 7, 'probablement', '2026-04-08 19:33:36'),
(1174, 396, 30, 'j\'ai pensé pareil sur ce sujet', '2026-04-27 23:33:36'),
(1175, 396, 11, 'c\'est chaud', '2026-04-04 18:33:36'),
(1176, 397, 35, 'pas faux', '2026-04-23 09:33:36'),
(1177, 397, 31, 'c\'est chaud sur la modération', '2026-04-07 15:33:36'),
(1178, 397, 34, 'exact @Malenia', '2026-04-12 05:33:36'),
(1179, 397, 25, 'bien vu', '2026-04-28 00:33:36'),
(1180, 397, 7, 'j\'ai pensé pareil', '2026-03-22 17:33:36'),
(1181, 397, 26, 'je valide sur le feed', '2026-04-17 23:33:36'),
(1182, 398, 31, 'grave', '2026-04-20 18:33:36'),
(1183, 398, 28, 'faut voir sur l\'actu', '2026-04-29 07:33:36'),
(1184, 398, 8, 'gros oui sur le feed @NeoMatiere', '2026-03-21 11:33:36'),
(1185, 398, 31, 'gros oui sur l\'actu', '2026-04-16 03:33:36'),
(1186, 398, 33, 'c\'est chaud @AstraNova', '2026-04-26 21:33:36'),
(1187, 398, 33, 'grave sur l\'IA', '2026-04-09 12:33:36'),
(1188, 398, 7, 'gros oui sur le design', '2026-04-02 19:33:36'),
(1189, 400, 24, 'mdr sur l\'IA', '2026-04-02 04:33:36'),
(1190, 400, 33, 'probablement sur ce sujet @AstraNova', '2026-04-15 19:33:36'),
(1191, 400, 25, 'intéressant', '2026-03-23 15:33:36'),
(1192, 400, 32, 'je suis d\'accord', '2026-04-10 23:33:36'),
(1193, 400, 30, 'c\'est chaud @Marion60__mod', '2026-04-13 14:33:36'),
(1194, 400, 24, 'probablement', '2026-04-25 02:33:36'),
(1195, 400, 33, 'exact', '2026-03-25 06:33:36'),
(1196, 401, 34, 'probablement @Marion60__mod', '2026-04-20 00:33:36'),
(1197, 403, 33, 'gros oui', '2026-04-05 09:33:36'),
(1198, 403, 28, 'oui totalement', '2026-04-08 22:33:36'),
(1199, 403, 33, 'grave @SoraByte', '2026-04-12 08:33:36'),
(1200, 403, 11, 'je suis d\'accord sur la modération', '2026-04-13 13:33:36'),
(1201, 403, 7, 'bien vu sur le feed', '2026-04-07 20:33:36'),
(1202, 404, 26, 'ça se tient', '2026-04-27 08:33:36'),
(1203, 404, 24, 'probablement', '2026-04-19 17:33:36'),
(1204, 405, 29, 'faut voir', '2026-04-14 00:33:36'),
(1205, 405, 9, 'pas faux', '2026-03-21 10:33:36'),
(1206, 406, 33, 'gros oui', '2026-03-24 14:33:36'),
(1207, 406, 32, 'gros oui', '2026-04-14 00:33:36'),
(1208, 407, 31, 'pas convaincu', '2026-05-04 10:33:36'),
(1209, 407, 7, 'gros oui @FoxyTheBigYT', '2026-05-01 15:33:36'),
(1210, 407, 31, 'faut voir sur l\'IA', '2026-04-26 03:33:36'),
(1211, 407, 25, 'faut voir', '2026-04-11 01:33:36'),
(1212, 407, 25, 'probablement sur l\'actu', '2026-04-23 09:33:36'),
(1213, 407, 30, 'ça se tient', '2026-04-18 12:33:36'),
(1214, 407, 26, 'grave sur la modération', '2026-04-14 06:33:36'),
(1215, 408, 30, 'probablement sur la modération', '2026-04-08 21:33:36'),
(1216, 408, 7, 'ça se tient sur l\'actu', '2026-04-07 10:33:36'),
(1217, 408, 32, 'ça se tient', '2026-03-30 06:33:36'),
(1218, 408, 29, 'je valide', '2026-05-03 07:33:36'),
(1219, 408, 9, 'c\'est chaud @Malenia', '2026-05-02 09:33:36'),
(1220, 408, 28, 'ça se tient', '2026-04-23 01:33:36'),
(1221, 410, 25, 'exact', '2026-05-04 10:33:36'),
(1222, 410, 24, 'pas faux sur l\'actu', '2026-04-17 07:33:36'),
(1223, 410, 34, 'j\'ai pensé pareil', '2026-04-03 21:33:36'),
(1224, 410, 33, 'probablement sur le feed', '2026-03-25 04:33:36'),
(1225, 410, 29, 'je suis d\'accord sur l\'actu', '2026-04-01 09:33:36'),
(1226, 412, 26, 'mdr @VantaFox', '2026-04-06 03:33:36'),
(1227, 412, 8, 'grave sur le design', '2026-03-26 21:33:36'),
(1228, 412, 24, 'oui totalement', '2026-04-13 03:33:36'),
(1229, 413, 7, 'mdr', '2026-03-29 06:33:36'),
(1230, 413, 24, 'ça se tient sur l\'actu @SoraByte', '2026-04-15 08:33:36'),
(1231, 413, 28, 'pas faux', '2026-04-10 22:33:36'),
(1232, 414, 32, 'oui totalement @VantaFox', '2026-04-20 04:33:36'),
(1233, 415, 30, 'pas faux @SoraByte', '2026-03-28 07:33:36'),
(1234, 415, 35, 'probablement sur la modération', '2026-03-30 23:33:36'),
(1235, 415, 30, 'faut voir', '2026-04-25 08:33:36'),
(1236, 415, 28, 'oui totalement', '2026-05-01 06:33:36'),
(1237, 415, 11, 'pas convaincu sur l\'actu', '2026-04-09 17:33:36'),
(1238, 415, 25, 'grave', '2026-04-24 17:33:36'),
(1239, 415, 34, 'bien vu @KairoLink', '2026-04-16 14:33:36'),
(1240, 416, 32, 'j\'ai pensé pareil sur la modération', '2026-04-18 20:33:36'),
(1241, 416, 26, 'je suis d\'accord @MikaFlow', '2026-04-06 20:33:36'),
(1242, 416, 26, 'je valide', '2026-04-02 14:33:36'),
(1243, 416, 9, 'oui totalement sur ce sujet', '2026-04-26 03:33:36'),
(1244, 417, 35, 'mdr', '2026-05-02 21:33:36'),
(1245, 417, 33, 'je valide sur le design', '2026-04-12 11:33:36'),
(1246, 418, 29, 'grave sur ce sujet', '2026-04-26 04:33:36'),
(1247, 418, 25, 'probablement', '2026-04-22 20:33:36'),
(1248, 418, 25, 'pas faux', '2026-03-22 06:33:36');

-- --------------------------------------------------------

--
-- Structure de la table `comment_mentions`
--

DROP TABLE IF EXISTS `comment_mentions`;
CREATE TABLE IF NOT EXISTS `comment_mentions` (
  `id` int NOT NULL AUTO_INCREMENT,
  `comment_id` int NOT NULL,
  `mentioned_user_id` int NOT NULL,
  `created_at` timestamp NULL DEFAULT CURRENT_TIMESTAMP,
  PRIMARY KEY (`id`),
  UNIQUE KEY `unique_comment_mention` (`comment_id`,`mentioned_user_id`),
  KEY `mentioned_user_id` (`mentioned_user_id`)
) ENGINE=InnoDB AUTO_INCREMENT=224 DEFAULT CHARSET=utf8mb4 COLLATE=utf8mb4_unicode_ci;

--
-- Déchargement des données de la table `comment_mentions`
--

INSERT INTO `comment_mentions` (`id`, `comment_id`, `mentioned_user_id`, `created_at`) VALUES
(1, 9, 9, '2026-05-05 03:00:00'),
(3, 10, 7, '2026-05-05 03:30:29'),
(4, 17, 19, '2026-05-05 03:30:29'),
(5, 21, 9, '2026-05-05 03:30:29'),
(6, 24, 14, '2026-05-05 03:30:29'),
(7, 25, 11, '2026-05-05 03:30:29'),
(8, 32, 15, '2026-05-05 03:30:29'),
(9, 33, 20, '2026-05-05 03:30:29'),
(10, 37, 23, '2026-05-05 03:30:29'),
(11, 41, 8, '2026-05-05 03:30:29'),
(12, 43, 15, '2026-05-05 03:30:29'),
(13, 44, 11, '2026-05-05 03:30:29'),
(14, 49, 23, '2026-05-05 03:30:29'),
(15, 54, 16, '2026-05-05 03:30:29'),
(16, 62, 7, '2026-05-05 03:30:29'),
(17, 63, 14, '2026-05-05 03:30:29'),
(18, 64, 12, '2026-05-05 03:30:29'),
(19, 65, 23, '2026-05-05 03:30:29'),
(20, 68, 16, '2026-05-05 03:30:29'),
(21, 71, 21, '2026-05-05 03:30:29'),
(22, 72, 20, '2026-05-05 03:30:29'),
(23, 74, 9, '2026-05-05 03:30:29'),
(24, 78, 16, '2026-05-05 03:30:29'),
(25, 79, 20, '2026-05-05 03:30:29'),
(26, 85, 11, '2026-05-05 03:30:29'),
(27, 86, 22, '2026-05-05 03:30:29'),
(28, 96, 15, '2026-05-05 03:30:29'),
(29, 97, 20, '2026-05-05 03:30:29'),
(30, 103, 8, '2026-05-05 03:30:29'),
(31, 115, 23, '2026-05-05 03:30:29'),
(32, 118, 19, '2026-05-05 03:30:29'),
(33, 122, 18, '2026-05-05 03:30:29'),
(34, 123, 22, '2026-05-05 03:30:29'),
(35, 130, 23, '2026-05-05 03:30:29'),
(36, 131, 16, '2026-05-05 03:30:29'),
(37, 132, 9, '2026-05-05 03:30:29'),
(38, 133, 20, '2026-05-05 03:30:29'),
(39, 135, 21, '2026-05-05 03:30:29'),
(40, 136, 18, '2026-05-05 03:30:29'),
(41, 138, 20, '2026-05-05 03:30:30'),
(42, 141, 23, '2026-05-05 03:30:30'),
(43, 146, 13, '2026-05-05 03:30:30'),
(44, 147, 21, '2026-05-05 03:30:30'),
(45, 153, 21, '2026-05-05 03:30:30'),
(46, 159, 11, '2026-05-05 03:30:30'),
(47, 161, 20, '2026-05-05 03:30:30'),
(48, 162, 15, '2026-05-05 03:30:30'),
(49, 164, 15, '2026-05-05 03:30:30'),
(50, 170, 17, '2026-05-05 03:30:30'),
(51, 172, 7, '2026-05-05 03:30:30'),
(52, 175, 19, '2026-05-05 03:30:30'),
(53, 177, 12, '2026-05-05 03:30:30'),
(54, 179, 15, '2026-05-05 03:30:30'),
(55, 182, 21, '2026-05-05 03:30:30'),
(56, 183, 13, '2026-05-05 03:30:30'),
(57, 186, 20, '2026-05-05 03:30:30'),
(58, 189, 9, '2026-05-05 03:30:30'),
(59, 192, 16, '2026-05-05 03:30:30'),
(60, 195, 11, '2026-05-05 03:30:30'),
(61, 200, 8, '2026-05-05 03:30:30'),
(62, 201, 11, '2026-05-05 03:30:30'),
(63, 204, 23, '2026-05-05 03:30:30'),
(64, 208, 13, '2026-05-05 03:30:30'),
(65, 209, 13, '2026-05-05 03:30:30'),
(66, 210, 13, '2026-05-05 03:30:30'),
(67, 214, 13, '2026-05-05 03:30:30'),
(68, 221, 11, '2026-05-05 03:30:30'),
(69, 507, 29, '2026-05-05 03:33:35'),
(70, 508, 25, '2026-05-05 03:33:35'),
(71, 517, 11, '2026-05-05 03:33:35'),
(72, 518, 35, '2026-05-05 03:33:35'),
(73, 520, 35, '2026-05-05 03:33:35'),
(74, 521, 8, '2026-05-05 03:33:35'),
(75, 524, 28, '2026-05-05 03:33:35'),
(76, 529, 7, '2026-05-05 03:33:35'),
(77, 549, 28, '2026-05-05 03:33:35'),
(78, 552, 24, '2026-05-05 03:33:35'),
(79, 553, 7, '2026-05-05 03:33:35'),
(80, 554, 34, '2026-05-05 03:33:35'),
(81, 565, 7, '2026-05-05 03:33:35'),
(82, 567, 25, '2026-05-05 03:33:35'),
(83, 573, 31, '2026-05-05 03:33:35'),
(84, 575, 31, '2026-05-05 03:33:35'),
(85, 576, 11, '2026-05-05 03:33:35'),
(86, 578, 34, '2026-05-05 03:33:35'),
(87, 582, 30, '2026-05-05 03:33:35'),
(88, 584, 29, '2026-05-05 03:33:35'),
(89, 585, 11, '2026-05-05 03:33:35'),
(90, 596, 24, '2026-05-05 03:33:35'),
(91, 599, 32, '2026-05-05 03:33:35'),
(92, 600, 24, '2026-05-05 03:33:35'),
(93, 610, 11, '2026-05-05 03:33:35'),
(94, 613, 35, '2026-05-05 03:33:35'),
(95, 616, 32, '2026-05-05 03:33:35'),
(96, 622, 8, '2026-05-05 03:33:35'),
(97, 627, 30, '2026-05-05 03:33:35'),
(98, 638, 8, '2026-05-05 03:33:35'),
(99, 642, 30, '2026-05-05 03:33:35'),
(100, 645, 32, '2026-05-05 03:33:35'),
(101, 649, 25, '2026-05-05 03:33:35'),
(102, 652, 34, '2026-05-05 03:33:35'),
(103, 663, 35, '2026-05-05 03:33:35'),
(104, 666, 30, '2026-05-05 03:33:35'),
(105, 668, 11, '2026-05-05 03:33:35'),
(106, 669, 24, '2026-05-05 03:33:35'),
(107, 678, 28, '2026-05-05 03:33:35'),
(108, 696, 35, '2026-05-05 03:33:35'),
(109, 702, 32, '2026-05-05 03:33:35'),
(110, 703, 28, '2026-05-05 03:33:35'),
(111, 705, 25, '2026-05-05 03:33:35'),
(112, 711, 27, '2026-05-05 03:33:35'),
(113, 715, 33, '2026-05-05 03:33:35'),
(114, 726, 25, '2026-05-05 03:33:35'),
(115, 727, 33, '2026-05-05 03:33:35'),
(116, 737, 28, '2026-05-05 03:33:35'),
(117, 740, 11, '2026-05-05 03:33:35'),
(118, 749, 32, '2026-05-05 03:33:35'),
(119, 758, 35, '2026-05-05 03:33:35'),
(120, 763, 8, '2026-05-05 03:33:35'),
(121, 768, 7, '2026-05-05 03:33:35'),
(122, 769, 9, '2026-05-05 03:33:35'),
(123, 775, 27, '2026-05-05 03:33:35'),
(124, 787, 7, '2026-05-05 03:33:35'),
(125, 791, 34, '2026-05-05 03:33:35'),
(126, 805, 7, '2026-05-05 03:33:35'),
(127, 807, 9, '2026-05-05 03:33:35'),
(128, 808, 31, '2026-05-05 03:33:35'),
(129, 813, 24, '2026-05-05 03:33:35'),
(130, 817, 34, '2026-05-05 03:33:35'),
(131, 822, 24, '2026-05-05 03:33:35'),
(132, 825, 24, '2026-05-05 03:33:35'),
(133, 827, 35, '2026-05-05 03:33:35'),
(134, 828, 24, '2026-05-05 03:33:35'),
(135, 837, 7, '2026-05-05 03:33:35'),
(136, 841, 34, '2026-05-05 03:33:35'),
(137, 843, 28, '2026-05-05 03:33:35'),
(138, 846, 9, '2026-05-05 03:33:35'),
(139, 848, 28, '2026-05-05 03:33:35'),
(140, 849, 30, '2026-05-05 03:33:35'),
(141, 855, 33, '2026-05-05 03:33:35'),
(142, 865, 35, '2026-05-05 03:33:35'),
(143, 866, 30, '2026-05-05 03:33:35'),
(144, 869, 26, '2026-05-05 03:33:35'),
(145, 872, 29, '2026-05-05 03:33:35'),
(146, 876, 11, '2026-05-05 03:33:35'),
(147, 879, 31, '2026-05-05 03:33:35'),
(148, 881, 8, '2026-05-05 03:33:35'),
(149, 884, 32, '2026-05-05 03:33:35'),
(150, 896, 33, '2026-05-05 03:33:35'),
(151, 899, 27, '2026-05-05 03:33:35'),
(152, 902, 8, '2026-05-05 03:33:35'),
(153, 912, 26, '2026-05-05 03:33:35'),
(154, 915, 29, '2026-05-05 03:33:35'),
(155, 916, 32, '2026-05-05 03:33:35'),
(156, 918, 31, '2026-05-05 03:33:35'),
(157, 922, 27, '2026-05-05 03:33:36'),
(158, 927, 11, '2026-05-05 03:33:36'),
(159, 928, 25, '2026-05-05 03:33:36'),
(160, 932, 30, '2026-05-05 03:33:36'),
(161, 933, 27, '2026-05-05 03:33:36'),
(162, 938, 32, '2026-05-05 03:33:36'),
(163, 940, 33, '2026-05-05 03:33:36'),
(164, 948, 33, '2026-05-05 03:33:36'),
(165, 951, 26, '2026-05-05 03:33:36'),
(166, 961, 24, '2026-05-05 03:33:36'),
(167, 974, 9, '2026-05-05 03:33:36'),
(168, 979, 31, '2026-05-05 03:33:36'),
(169, 981, 7, '2026-05-05 03:33:36'),
(170, 997, 25, '2026-05-05 03:33:36'),
(171, 998, 28, '2026-05-05 03:33:36'),
(172, 999, 29, '2026-05-05 03:33:36'),
(173, 1015, 35, '2026-05-05 03:33:36'),
(174, 1018, 7, '2026-05-05 03:33:36'),
(175, 1023, 24, '2026-05-05 03:33:36'),
(176, 1024, 24, '2026-05-05 03:33:36'),
(177, 1028, 34, '2026-05-05 03:33:36'),
(178, 1030, 9, '2026-05-05 03:33:36'),
(179, 1033, 27, '2026-05-05 03:33:36'),
(180, 1034, 35, '2026-05-05 03:33:36'),
(181, 1036, 9, '2026-05-05 03:33:36'),
(182, 1038, 7, '2026-05-05 03:33:36'),
(183, 1039, 33, '2026-05-05 03:33:36'),
(184, 1041, 30, '2026-05-05 03:33:36'),
(185, 1046, 26, '2026-05-05 03:33:36'),
(186, 1047, 30, '2026-05-05 03:33:36'),
(187, 1050, 31, '2026-05-05 03:33:36'),
(188, 1051, 31, '2026-05-05 03:33:36'),
(189, 1054, 29, '2026-05-05 03:33:36'),
(190, 1059, 27, '2026-05-05 03:33:36'),
(191, 1062, 28, '2026-05-05 03:33:36'),
(192, 1066, 8, '2026-05-05 03:33:36'),
(193, 1071, 9, '2026-05-05 03:33:36'),
(194, 1074, 9, '2026-05-05 03:33:36'),
(195, 1076, 26, '2026-05-05 03:33:36'),
(196, 1077, 9, '2026-05-05 03:33:36'),
(197, 1078, 33, '2026-05-05 03:33:36'),
(198, 1082, 11, '2026-05-05 03:33:36'),
(199, 1085, 8, '2026-05-05 03:33:36'),
(200, 1086, 8, '2026-05-05 03:33:36'),
(201, 1090, 32, '2026-05-05 03:33:36'),
(202, 1119, 25, '2026-05-05 03:33:36'),
(203, 1121, 31, '2026-05-05 03:33:36'),
(204, 1128, 9, '2026-05-05 03:33:36'),
(205, 1146, 33, '2026-05-05 03:33:36'),
(206, 1152, 27, '2026-05-05 03:33:36'),
(207, 1154, 26, '2026-05-05 03:33:36'),
(208, 1168, 25, '2026-05-05 03:33:36'),
(209, 1178, 9, '2026-05-05 03:33:36'),
(210, 1184, 35, '2026-05-05 03:33:36'),
(211, 1186, 31, '2026-05-05 03:33:36'),
(212, 1190, 31, '2026-05-05 03:33:36'),
(213, 1193, 11, '2026-05-05 03:33:36'),
(214, 1196, 27, '2026-05-05 03:33:36'),
(215, 1199, 28, '2026-05-05 03:33:36'),
(216, 1209, 28, '2026-05-05 03:33:36'),
(217, 1219, 32, '2026-05-05 03:33:36'),
(218, 1226, 24, '2026-05-05 03:33:36'),
(219, 1230, 34, '2026-05-05 03:33:36'),
(220, 1232, 8, '2026-05-05 03:33:36'),
(221, 1233, 29, '2026-05-05 03:33:36'),
(222, 1239, 28, '2026-05-05 03:33:36'),
(223, 1241, 32, '2026-05-05 03:33:36');

-- --------------------------------------------------------

--
-- Structure de la table `follows`
--

DROP TABLE IF EXISTS `follows`;
CREATE TABLE IF NOT EXISTS `follows` (
  `id` int NOT NULL AUTO_INCREMENT,
  `follower_id` int NOT NULL,
  `following_id` int NOT NULL,
  `created_at` timestamp NULL DEFAULT CURRENT_TIMESTAMP,
  PRIMARY KEY (`id`),
  UNIQUE KEY `unique_follow` (`follower_id`,`following_id`),
  KEY `idx_following` (`following_id`)
) ENGINE=InnoDB AUTO_INCREMENT=224 DEFAULT CHARSET=utf8mb4 COLLATE=utf8mb4_unicode_ci;

--
-- Déchargement des données de la table `follows`
--

INSERT INTO `follows` (`id`, `follower_id`, `following_id`, `created_at`) VALUES
(17, 8, 9, '2026-05-05 02:24:06'),
(18, 9, 8, '2026-05-05 02:24:55'),
(20, 7, 9, '2026-05-05 02:51:34'),
(21, 9, 7, '2026-05-05 03:15:17'),
(22, 9, 20, '2026-05-04 12:30:29'),
(23, 7, 13, '2026-05-02 05:30:29'),
(24, 21, 8, '2026-05-01 19:30:29'),
(25, 23, 21, '2026-05-04 03:30:29'),
(26, 14, 12, '2026-05-01 15:30:29'),
(27, 19, 7, '2026-05-03 14:30:29'),
(28, 14, 8, '2026-05-03 22:30:29'),
(29, 15, 18, '2026-05-03 16:30:29'),
(30, 9, 22, '2026-04-30 17:30:29'),
(31, 23, 14, '2026-05-03 04:30:29'),
(32, 23, 15, '2026-05-01 14:30:29'),
(33, 20, 23, '2026-04-30 04:30:29'),
(34, 14, 21, '2026-05-01 18:30:29'),
(35, 17, 20, '2026-05-01 06:30:29'),
(36, 19, 14, '2026-05-02 16:30:29'),
(37, 7, 16, '2026-04-30 05:30:29'),
(38, 19, 22, '2026-05-03 10:30:29'),
(39, 13, 15, '2026-04-30 18:30:29'),
(40, 13, 7, '2026-05-03 11:30:29'),
(41, 14, 15, '2026-04-30 07:30:29'),
(42, 22, 15, '2026-05-01 16:30:29'),
(43, 11, 18, '2026-04-30 10:30:29'),
(44, 9, 14, '2026-05-03 18:30:29'),
(45, 16, 15, '2026-05-01 04:30:29'),
(47, 7, 17, '2026-05-03 23:30:29'),
(48, 16, 20, '2026-05-02 12:30:29'),
(49, 14, 7, '2026-05-04 21:30:29'),
(50, 15, 14, '2026-05-01 19:30:29'),
(51, 17, 7, '2026-05-01 12:30:29'),
(52, 8, 21, '2026-05-04 19:30:29'),
(53, 7, 18, '2026-05-01 23:30:29'),
(54, 20, 11, '2026-04-30 13:30:29'),
(55, 12, 22, '2026-05-01 07:30:29'),
(56, 15, 22, '2026-04-30 10:30:29'),
(57, 20, 7, '2026-05-01 17:30:29'),
(58, 22, 13, '2026-05-03 14:30:29'),
(59, 8, 14, '2026-05-02 17:30:29'),
(60, 12, 23, '2026-04-30 11:30:29'),
(61, 15, 8, '2026-05-01 19:30:29'),
(62, 18, 14, '2026-05-03 04:30:29'),
(63, 12, 21, '2026-05-03 10:30:29'),
(64, 11, 12, '2026-05-04 13:30:29'),
(65, 23, 9, '2026-04-30 17:30:29'),
(66, 21, 15, '2026-05-04 20:30:29'),
(67, 19, 9, '2026-05-02 03:30:29'),
(68, 14, 13, '2026-05-01 06:30:29'),
(69, 11, 8, '2026-05-04 19:30:29'),
(70, 16, 14, '2026-05-01 15:30:29'),
(71, 11, 20, '2026-05-04 06:30:29'),
(72, 8, 15, '2026-04-30 05:30:29'),
(73, 18, 23, '2026-05-03 12:30:29'),
(74, 7, 22, '2026-05-01 16:30:29'),
(75, 23, 19, '2026-04-30 08:30:29'),
(76, 9, 13, '2026-05-03 20:30:29'),
(77, 19, 13, '2026-05-03 08:30:29'),
(78, 19, 21, '2026-05-03 23:30:29'),
(79, 12, 13, '2026-05-01 09:30:29'),
(80, 14, 9, '2026-05-04 23:30:29'),
(100, 30, 35, '2026-04-27 19:33:35'),
(101, 34, 29, '2026-05-02 08:33:35'),
(102, 26, 28, '2026-05-04 10:33:35'),
(103, 8, 35, '2026-04-30 19:33:35'),
(104, 8, 30, '2026-05-04 23:33:35'),
(105, 26, 11, '2026-05-04 01:33:35'),
(106, 29, 11, '2026-04-30 08:33:35'),
(107, 30, 7, '2026-04-28 15:33:35'),
(108, 30, 26, '2026-04-29 01:33:35'),
(109, 27, 28, '2026-05-04 16:33:35'),
(110, 29, 33, '2026-05-02 21:33:35'),
(111, 25, 28, '2026-04-29 13:33:35'),
(112, 25, 32, '2026-04-28 02:33:35'),
(113, 8, 31, '2026-04-29 21:33:35'),
(114, 34, 35, '2026-05-04 21:33:35'),
(115, 35, 28, '2026-04-27 03:33:35'),
(116, 31, 35, '2026-04-29 05:33:35'),
(117, 28, 24, '2026-05-04 10:33:35'),
(118, 24, 7, '2026-05-03 08:33:35'),
(119, 30, 33, '2026-05-04 07:33:35'),
(120, 26, 27, '2026-04-29 09:33:35'),
(121, 28, 34, '2026-05-04 14:33:35'),
(122, 24, 26, '2026-05-01 10:33:35'),
(123, 8, 26, '2026-05-02 02:33:35'),
(124, 34, 25, '2026-05-01 02:33:35'),
(125, 9, 11, '2026-05-01 09:33:35'),
(126, 28, 31, '2026-05-02 21:33:35'),
(127, 26, 9, '2026-04-30 00:33:35'),
(128, 32, 29, '2026-04-30 14:33:35'),
(129, 28, 9, '2026-05-02 19:33:35'),
(130, 26, 32, '2026-04-27 00:33:35'),
(131, 33, 34, '2026-05-03 11:33:35'),
(132, 35, 29, '2026-04-27 17:33:35'),
(133, 7, 28, '2026-04-28 18:33:35'),
(134, 26, 30, '2026-04-30 12:33:35'),
(135, 29, 32, '2026-04-29 08:33:35'),
(136, 30, 32, '2026-04-30 20:33:35'),
(137, 31, 11, '2026-05-01 21:33:35'),
(138, 32, 30, '2026-05-01 02:33:35'),
(139, 24, 29, '2026-05-02 05:33:35'),
(140, 27, 26, '2026-04-27 14:33:35'),
(141, 9, 27, '2026-04-27 18:33:35'),
(142, 7, 25, '2026-05-04 06:33:35'),
(143, 28, 27, '2026-04-29 13:33:35'),
(144, 32, 9, '2026-05-04 18:33:35'),
(145, 32, 11, '2026-04-28 08:33:35'),
(146, 34, 8, '2026-04-28 01:33:35'),
(147, 27, 24, '2026-05-04 14:33:35'),
(148, 35, 32, '2026-04-27 12:33:35'),
(149, 26, 25, '2026-04-29 11:33:35'),
(150, 30, 34, '2026-05-02 05:33:35'),
(151, 11, 30, '2026-04-27 23:33:35'),
(152, 24, 28, '2026-04-26 22:33:35'),
(153, 35, 24, '2026-05-04 23:33:35'),
(154, 24, 9, '2026-04-30 04:33:35'),
(155, 9, 34, '2026-04-28 05:33:35'),
(156, 35, 34, '2026-04-30 06:33:35'),
(158, 25, 11, '2026-04-27 03:33:35'),
(159, 27, 30, '2026-05-04 17:33:35'),
(160, 34, 27, '2026-04-27 13:33:35'),
(161, 33, 25, '2026-04-28 10:33:35'),
(162, 11, 32, '2026-05-03 08:33:35'),
(163, 9, 31, '2026-05-05 00:33:35'),
(164, 29, 30, '2026-04-28 03:33:35'),
(165, 26, 8, '2026-05-04 07:33:35'),
(166, 27, 34, '2026-05-04 12:33:35'),
(167, 33, 11, '2026-04-27 21:33:35'),
(169, 24, 25, '2026-05-02 06:33:35'),
(170, 32, 7, '2026-05-05 03:33:35'),
(171, 27, 7, '2026-04-29 09:33:35'),
(172, 11, 33, '2026-04-28 05:33:35'),
(173, 32, 24, '2026-04-29 14:33:35'),
(174, 29, 9, '2026-04-27 19:33:35'),
(175, 7, 33, '2026-04-30 17:33:35'),
(176, 29, 27, '2026-05-01 04:33:35'),
(177, 8, 32, '2026-04-28 01:33:35'),
(178, 8, 33, '2026-04-27 00:33:35'),
(179, 31, 32, '2026-04-30 12:33:35'),
(180, 33, 26, '2026-04-30 02:33:35'),
(181, 25, 7, '2026-04-29 20:33:35'),
(182, 9, 26, '2026-05-03 03:33:35'),
(183, 9, 28, '2026-04-28 08:33:35'),
(184, 25, 26, '2026-05-02 19:33:35'),
(185, 7, 26, '2026-04-29 14:33:35'),
(186, 29, 8, '2026-04-27 13:33:35'),
(187, 30, 24, '2026-05-04 14:33:35'),
(188, 35, 25, '2026-05-01 16:33:35'),
(189, 7, 32, '2026-05-01 07:33:35'),
(190, 7, 31, '2026-05-04 12:33:35'),
(191, 32, 31, '2026-04-29 12:33:35'),
(192, 33, 31, '2026-04-30 07:33:35'),
(193, 9, 25, '2026-04-28 19:33:35'),
(194, 34, 28, '2026-04-29 17:33:35'),
(195, 31, 7, '2026-05-03 14:33:35'),
(196, 24, 8, '2026-05-02 17:33:35'),
(197, 33, 9, '2026-05-03 17:33:35'),
(198, 28, 26, '2026-04-30 00:33:35'),
(199, 30, 8, '2026-05-01 04:33:35'),
(200, 9, 30, '2026-05-02 04:33:35'),
(201, 24, 31, '2026-05-04 00:33:35'),
(202, 26, 34, '2026-05-03 14:33:35'),
(203, 25, 9, '2026-05-04 16:33:35'),
(204, 7, 35, '2026-05-02 15:33:35'),
(205, 31, 8, '2026-05-01 20:33:35'),
(206, 33, 29, '2026-04-29 13:33:35'),
(207, 32, 8, '2026-05-03 00:33:35'),
(208, 25, 31, '2026-05-01 07:33:35'),
(209, 26, 31, '2026-04-29 12:33:35'),
(210, 27, 8, '2026-05-02 00:33:35'),
(211, 29, 34, '2026-05-04 16:33:35'),
(212, 30, 25, '2026-04-27 19:33:35'),
(213, 28, 35, '2026-05-02 05:33:35'),
(214, 8, 34, '2026-05-01 17:33:35'),
(215, 35, 30, '2026-04-29 02:33:35'),
(216, 30, 9, '2026-04-28 18:33:35'),
(217, 32, 28, '2026-04-28 03:33:35'),
(218, 7, 27, '2026-05-04 09:33:35'),
(219, 34, 31, '2026-04-28 20:33:35'),
(220, 9, 24, '2026-05-01 15:33:35'),
(221, 24, 35, '2026-04-28 07:33:35'),
(222, 28, 8, '2026-05-04 02:33:35'),
(223, 31, 30, '2026-04-30 18:33:35');

-- --------------------------------------------------------

--
-- Structure de la table `friendships`
--

DROP TABLE IF EXISTS `friendships`;
CREATE TABLE IF NOT EXISTS `friendships` (
  `id` int NOT NULL AUTO_INCREMENT,
  `user_id` int NOT NULL,
  `friend_id` int NOT NULL,
  `status` enum('pending','accepted','blocked') CHARACTER SET utf8mb4 COLLATE utf8mb4_unicode_ci DEFAULT 'pending',
  `created_at` timestamp NULL DEFAULT CURRENT_TIMESTAMP,
  PRIMARY KEY (`id`),
  UNIQUE KEY `unique_friendship` (`user_id`,`friend_id`),
  KEY `friend_id` (`friend_id`)
) ENGINE=InnoDB AUTO_INCREMENT=14 DEFAULT CHARSET=utf8mb4 COLLATE=utf8mb4_unicode_ci;

-- --------------------------------------------------------

--
-- Structure de la table `messages`
--

DROP TABLE IF EXISTS `messages`;
CREATE TABLE IF NOT EXISTS `messages` (
  `id` int NOT NULL AUTO_INCREMENT,
  `sender_id` int NOT NULL,
  `receiver_id` int NOT NULL,
  `content` text CHARACTER SET utf8mb4 COLLATE utf8mb4_unicode_ci NOT NULL,
  `is_read` tinyint(1) DEFAULT '0',
  `created_at` timestamp NULL DEFAULT CURRENT_TIMESTAMP,
  PRIMARY KEY (`id`),
  KEY `sender_id` (`sender_id`),
  KEY `receiver_id` (`receiver_id`)
) ENGINE=InnoDB AUTO_INCREMENT=17 DEFAULT CHARSET=utf8mb4 COLLATE=utf8mb4_unicode_ci;

--
-- Déchargement des données de la table `messages`
--

INSERT INTO `messages` (`id`, `sender_id`, `receiver_id`, `content`, `is_read`, `created_at`) VALUES
(6, 0, 8, 'Merci d\'eviter d\'abuser du systeme de signalement  !', 0, '2026-05-05 02:23:32'),
(7, 9, 8, 'Oui ?', 1, '2026-05-05 02:25:06'),
(8, 8, 9, 'wow, epique.', 1, '2026-05-05 02:25:16'),
(9, 9, 8, 'vrmt', 1, '2026-05-05 02:25:23'),
(10, 0, 7, 'Bienvenue dans l\'equipe de moderation', 0, '2026-05-05 03:08:55'),
(11, 9, 8, 'wow', 0, '2026-05-05 03:11:13'),
(12, 9, 7, 'oui ?', 1, '2026-05-05 03:15:22'),
(13, 7, 9, 'salut !!!', 1, '2026-05-05 03:15:48'),
(14, 9, 8, 'ah lets go', 0, '2026-05-05 03:16:00'),
(15, 0, 7, 'je croit que c\'est buguer...', 0, '2026-05-05 03:17:22'),
(16, 9, 14, 'PK TU SPAM', 0, '2026-05-05 03:37:36');

-- --------------------------------------------------------

--
-- Structure de la table `message_requests`
--

DROP TABLE IF EXISTS `message_requests`;
CREATE TABLE IF NOT EXISTS `message_requests` (
  `id` int NOT NULL AUTO_INCREMENT,
  `requester_id` int NOT NULL,
  `target_id` int NOT NULL,
  `status` enum('pending','accepted','rejected') CHARACTER SET utf8mb4 COLLATE utf8mb4_unicode_ci NOT NULL DEFAULT 'pending',
  `created_at` timestamp NULL DEFAULT CURRENT_TIMESTAMP,
  `updated_at` timestamp NULL DEFAULT CURRENT_TIMESTAMP ON UPDATE CURRENT_TIMESTAMP,
  PRIMARY KEY (`id`),
  UNIQUE KEY `uniq_request` (`requester_id`,`target_id`),
  KEY `idx_target_status` (`target_id`,`status`),
  KEY `idx_requester` (`requester_id`)
) ENGINE=InnoDB AUTO_INCREMENT=6 DEFAULT CHARSET=utf8mb4 COLLATE=utf8mb4_unicode_ci;

--
-- Déchargement des données de la table `message_requests`
--

INSERT INTO `message_requests` (`id`, `requester_id`, `target_id`, `status`, `created_at`, `updated_at`) VALUES
(1, 8, 9, 'accepted', '2026-05-05 02:24:33', '2026-05-05 02:24:40'),
(3, 7, 9, 'accepted', '2026-05-05 03:15:03', '2026-05-05 03:15:12');

-- --------------------------------------------------------

--
-- Structure de la table `notifications`
--

DROP TABLE IF EXISTS `notifications`;
CREATE TABLE IF NOT EXISTS `notifications` (
  `id` int NOT NULL AUTO_INCREMENT,
  `user_id` int NOT NULL,
  `type` enum('friend_request','friend_accept','follow','mention','message','system','like','comment','message_request','report') CHARACTER SET utf8mb4 COLLATE utf8mb4_unicode_ci NOT NULL,
  `actor_id` int DEFAULT NULL,
  `target_id` int DEFAULT NULL,
  `data` json DEFAULT NULL,
  `is_read` tinyint(1) NOT NULL DEFAULT '0',
  `created_at` timestamp NOT NULL DEFAULT CURRENT_TIMESTAMP,
  PRIMARY KEY (`id`),
  KEY `idx_user_read` (`user_id`,`is_read`),
  KEY `idx_user_time` (`user_id`,`created_at`)
) ENGINE=InnoDB AUTO_INCREMENT=1023 DEFAULT CHARSET=utf8mb4 COLLATE=utf8mb4_unicode_ci;

--
-- Déchargement des données de la table `notifications`
--

INSERT INTO `notifications` (`id`, `user_id`, `type`, `actor_id`, `target_id`, `data`, `is_read`, `created_at`) VALUES
(74, 8, 'message', 9, NULL, '{\"excerpt\": \"wow\", \"message_id\": 11}', 0, '2026-05-05 03:11:13'),
(80, 8, 'message', 9, NULL, '{\"excerpt\": \"ah lets go\", \"message_id\": 14}', 0, '2026-05-05 03:16:00'),
(83, 21, 'mention', 17, NULL, '{\"excerpt\": \"notification seed\"}', 0, '2026-04-30 03:30:30'),
(84, 17, 'message_request', 15, NULL, '{\"excerpt\": \"notification seed\"}', 1, '2026-05-04 03:30:30'),
(85, 8, 'comment', 20, NULL, '{\"excerpt\": \"notification seed\"}', 0, '2026-04-30 03:30:30'),
(86, 20, 'system', 22, NULL, '{\"excerpt\": \"notification seed\"}', 1, '2026-05-01 03:30:30'),
(87, 13, 'like', 22, NULL, '{\"excerpt\": \"notification seed\"}', 0, '2026-04-15 03:30:30'),
(88, 21, 'mention', 23, NULL, '{\"excerpt\": \"notification seed\"}', 0, '2026-04-25 03:30:30'),
(89, 19, 'like', 14, NULL, '{\"excerpt\": \"notification seed\"}', 0, '2026-04-22 03:30:30'),
(91, 22, 'comment', 23, NULL, '{\"excerpt\": \"notification seed\"}', 1, '2026-04-29 03:30:30'),
(92, 11, 'follow', 12, NULL, '{\"excerpt\": \"notification seed\"}', 0, '2026-04-24 03:30:30'),
(95, 21, 'system', 23, NULL, '{\"excerpt\": \"notification seed\"}', 1, '2026-04-20 03:30:30'),
(96, 13, 'comment', 18, NULL, '{\"excerpt\": \"notification seed\"}', 1, '2026-04-19 03:30:30'),
(97, 14, 'system', 17, NULL, '{\"excerpt\": \"notification seed\"}', 0, '2026-04-15 03:30:30'),
(98, 14, 'like', 18, NULL, '{\"excerpt\": \"notification seed\"}', 1, '2026-05-02 03:30:30'),
(99, 18, 'follow', 8, NULL, '{\"excerpt\": \"notification seed\"}', 0, '2026-05-01 03:30:30'),
(100, 12, 'mention', 22, NULL, '{\"excerpt\": \"notification seed\"}', 0, '2026-05-03 03:30:30'),
(101, 14, 'system', 17, NULL, '{\"excerpt\": \"notification seed\"}', 1, '2026-04-18 03:30:30'),
(102, 14, 'follow', 19, NULL, '{\"excerpt\": \"notification seed\"}', 1, '2026-04-22 03:30:30'),
(104, 12, 'mention', 15, NULL, '{\"excerpt\": \"notification seed\"}', 0, '2026-04-15 03:30:30'),
(105, 14, 'message_request', 13, NULL, '{\"excerpt\": \"notification seed\"}', 0, '2026-04-24 03:30:30'),
(106, 15, 'comment', 21, NULL, '{\"excerpt\": \"notification seed\"}', 0, '2026-04-26 03:30:30'),
(108, 17, 'follow', 19, NULL, '{\"excerpt\": \"notification seed\"}', 0, '2026-04-23 03:30:30'),
(109, 21, 'message_request', 16, NULL, '{\"excerpt\": \"notification seed\"}', 1, '2026-04-15 03:30:30'),
(110, 23, 'system', 16, NULL, '{\"excerpt\": \"notification seed\"}', 0, '2026-05-04 03:30:30'),
(111, 12, 'follow', 7, NULL, '{\"excerpt\": \"notification seed\"}', 0, '2026-04-26 03:30:30'),
(112, 18, 'message_request', 23, NULL, '{\"excerpt\": \"notification seed\"}', 0, '2026-04-22 03:30:30'),
(113, 16, 'like', 17, NULL, '{\"excerpt\": \"notification seed\"}', 0, '2026-04-16 03:30:30'),
(114, 20, 'like', 15, NULL, '{\"excerpt\": \"notification seed\"}', 0, '2026-04-17 03:30:30'),
(115, 13, 'follow', 9, NULL, '{\"excerpt\": \"notification seed\"}', 0, '2026-04-26 03:30:30'),
(116, 14, 'comment', 15, NULL, '{\"excerpt\": \"notification seed\"}', 0, '2026-04-17 03:30:30'),
(117, 11, 'comment', 23, NULL, '{\"excerpt\": \"notification seed\"}', 0, '2026-04-15 03:30:30'),
(118, 19, 'system', 21, NULL, '{\"excerpt\": \"notification seed\"}', 0, '2026-04-29 03:30:30'),
(119, 22, 'mention', 9, NULL, '{\"excerpt\": \"notification seed\"}', 1, '2026-04-16 03:30:30'),
(120, 21, 'message_request', 16, NULL, '{\"excerpt\": \"notification seed\"}', 1, '2026-04-25 03:30:30'),
(121, 8, 'like', 12, NULL, '{\"excerpt\": \"notification seed\"}', 1, '2026-04-28 03:30:30'),
(122, 19, 'message_request', 8, NULL, '{\"excerpt\": \"notification seed\"}', 1, '2026-04-24 03:30:30'),
(123, 16, 'message_request', 22, NULL, '{\"excerpt\": \"notification seed\"}', 1, '2026-04-21 03:30:30'),
(125, 15, 'like', 14, NULL, '{\"excerpt\": \"notification seed\"}', 1, '2026-05-01 03:30:30'),
(126, 18, 'comment', 14, NULL, '{\"excerpt\": \"notification seed\"}', 0, '2026-05-05 03:30:30'),
(127, 12, 'follow', 7, NULL, '{\"excerpt\": \"notification seed\"}', 0, '2026-05-04 03:30:30'),
(128, 20, 'follow', 11, NULL, '{\"excerpt\": \"notification seed\"}', 0, '2026-04-24 03:30:30'),
(130, 14, 'mention', 23, NULL, '{\"excerpt\": \"notification seed\"}', 0, '2026-04-28 03:30:30'),
(131, 17, 'follow', 16, NULL, '{\"excerpt\": \"notification seed\"}', 1, '2026-04-30 03:30:30'),
(132, 17, 'follow', 16, NULL, '{\"excerpt\": \"notification seed\"}', 1, '2026-04-24 03:30:30'),
(133, 13, 'like', 11, NULL, '{\"excerpt\": \"notification seed\"}', 0, '2026-05-03 03:30:30'),
(134, 20, 'comment', 19, NULL, '{\"excerpt\": \"notification seed\"}', 0, '2026-04-29 03:30:30'),
(135, 23, 'mention', 11, NULL, '{\"excerpt\": \"notification seed\"}', 1, '2026-05-04 03:30:30'),
(136, 13, 'message_request', 22, NULL, '{\"excerpt\": \"notification seed\"}', 0, '2026-04-19 03:30:30'),
(137, 20, 'message_request', 20, NULL, '{\"excerpt\": \"notification seed\"}', 0, '2026-04-23 03:30:30'),
(139, 19, 'follow', 7, NULL, '{\"excerpt\": \"notification seed\"}', 1, '2026-04-24 03:30:30'),
(140, 11, 'mention', 12, NULL, '{\"excerpt\": \"notification seed\"}', 0, '2026-04-21 03:30:30'),
(141, 17, 'like', 14, NULL, '{\"excerpt\": \"notification seed\"}', 1, '2026-04-29 03:30:30'),
(142, 16, 'like', 17, NULL, '{\"excerpt\": \"notification seed\"}', 1, '2026-04-16 03:30:30'),
(143, 15, 'message_request', 19, NULL, '{\"excerpt\": \"notification seed\"}', 1, '2026-04-25 03:30:30'),
(144, 15, 'mention', 11, NULL, '{\"excerpt\": \"notification seed\"}', 1, '2026-04-29 03:30:30'),
(145, 17, 'message_request', 8, NULL, '{\"excerpt\": \"notification seed\"}', 0, '2026-04-28 03:30:30'),
(146, 13, 'like', 17, NULL, '{\"excerpt\": \"notification seed\"}', 0, '2026-04-15 03:30:30'),
(147, 13, 'follow', 16, NULL, '{\"excerpt\": \"notification seed\"}', 0, '2026-04-30 03:30:30'),
(148, 20, 'like', 7, NULL, '{\"excerpt\": \"notification seed\"}', 0, '2026-04-26 03:30:30'),
(149, 14, 'like', 9, NULL, '{\"excerpt\": \"notification seed\"}', 1, '2026-04-20 03:30:30'),
(150, 17, 'like', 8, NULL, '{\"excerpt\": \"notification seed\"}', 0, '2026-04-17 03:30:30'),
(151, 17, 'follow', 20, NULL, '{\"excerpt\": \"notification seed\"}', 0, '2026-04-25 03:30:30'),
(154, 8, 'like', 15, NULL, '{\"excerpt\": \"notification seed\"}', 0, '2026-04-20 03:30:30'),
(155, 13, 'follow', 15, NULL, '{\"excerpt\": \"notification seed\"}', 0, '2026-04-20 03:30:30'),
(156, 16, 'follow', 12, NULL, '{\"excerpt\": \"notification seed\"}', 1, '2026-04-19 03:30:30'),
(157, 8, 'comment', 13, NULL, '{\"excerpt\": \"notification seed\"}', 1, '2026-04-28 03:30:30'),
(158, 11, 'mention', 23, NULL, '{\"excerpt\": \"notification seed\"}', 0, '2026-04-22 03:30:30'),
(159, 16, 'comment', 11, NULL, '{\"excerpt\": \"notification seed\"}', 0, '2026-05-03 03:30:30'),
(160, 21, 'follow', 8, NULL, '{\"excerpt\": \"notification seed\"}', 1, '2026-04-29 03:30:30'),
(161, 12, 'message_request', 12, NULL, '{\"excerpt\": \"notification seed\"}', 0, '2026-04-19 03:30:30'),
(162, 12, 'mention', 18, NULL, '{\"excerpt\": \"notification seed\"}', 1, '2026-04-22 03:30:30'),
(163, 23, 'system', 16, NULL, '{\"excerpt\": \"notification seed\"}', 1, '2026-04-15 03:30:30'),
(164, 20, 'comment', 8, NULL, '{\"excerpt\": \"notification seed\"}', 1, '2026-04-16 03:30:30'),
(165, 20, 'message_request', 7, NULL, '{\"excerpt\": \"notification seed\"}', 0, '2026-04-22 03:30:30'),
(166, 11, 'like', 23, NULL, '{\"excerpt\": \"notification seed\"}', 1, '2026-04-27 03:30:30'),
(167, 21, 'follow', 23, NULL, '{\"excerpt\": \"notification seed\"}', 1, '2026-05-01 03:30:30'),
(168, 15, 'message_request', 19, NULL, '{\"excerpt\": \"notification seed\"}', 1, '2026-04-30 03:30:30'),
(169, 15, 'like', 7, NULL, '{\"excerpt\": \"notification seed\"}', 1, '2026-04-18 03:30:30'),
(170, 13, 'like', 7, NULL, '{\"excerpt\": \"notification seed\"}', 0, '2026-05-03 03:30:30'),
(171, 16, 'mention', 8, NULL, '{\"excerpt\": \"notification seed\"}', 0, '2026-05-03 03:30:30'),
(172, 20, 'like', 23, NULL, '{\"excerpt\": \"notification seed\"}', 0, '2026-04-16 03:30:30'),
(173, 13, 'message_request', 7, NULL, '{\"excerpt\": \"notification seed\"}', 1, '2026-04-16 03:30:30'),
(174, 21, 'message_request', 13, NULL, '{\"excerpt\": \"notification seed\"}', 0, '2026-04-15 03:30:30'),
(175, 11, 'mention', 12, NULL, '{\"excerpt\": \"notification seed\"}', 0, '2026-04-19 03:30:30'),
(176, 21, 'like', 13, NULL, '{\"excerpt\": \"notification seed\"}', 0, '2026-04-16 03:30:30'),
(177, 17, 'message_request', 13, NULL, '{\"excerpt\": \"notification seed\"}', 1, '2026-04-28 03:30:30'),
(178, 12, 'like', 14, NULL, '{\"excerpt\": \"notification seed\"}', 1, '2026-04-23 03:30:30'),
(179, 23, 'message_request', 7, NULL, '{\"excerpt\": \"notification seed\"}', 1, '2026-04-17 03:30:30'),
(180, 18, 'follow', 12, NULL, '{\"excerpt\": \"notification seed\"}', 0, '2026-05-03 03:30:30'),
(181, 21, 'message_request', 23, NULL, '{\"excerpt\": \"notification seed\"}', 1, '2026-04-27 03:30:30'),
(182, 19, 'follow', 18, NULL, '{\"excerpt\": \"notification seed\"}', 1, '2026-04-23 03:30:30'),
(183, 12, 'comment', 17, NULL, '{\"excerpt\": \"notification seed\"}', 1, '2026-04-19 03:30:30'),
(184, 15, 'follow', 14, NULL, '{\"excerpt\": \"notification seed\"}', 1, '2026-04-25 03:30:30'),
(185, 15, 'follow', 20, NULL, '{\"excerpt\": \"notification seed\"}', 1, '2026-04-21 03:30:30'),
(188, 15, 'comment', 14, NULL, '{\"excerpt\": \"notification seed\"}', 1, '2026-04-15 03:30:30'),
(189, 19, 'message_request', 19, NULL, '{\"excerpt\": \"notification seed\"}', 1, '2026-04-22 03:30:30'),
(190, 23, 'follow', 12, NULL, '{\"excerpt\": \"notification seed\"}', 1, '2026-04-28 03:30:30'),
(191, 21, 'system', 7, NULL, '{\"excerpt\": \"notification seed\"}', 1, '2026-05-03 03:30:30'),
(192, 17, 'mention', 22, NULL, '{\"excerpt\": \"notification seed\"}', 1, '2026-04-29 03:30:30'),
(193, 20, 'like', 18, NULL, '{\"excerpt\": \"notification seed\"}', 1, '2026-04-29 03:30:30'),
(194, 19, 'message_request', 19, NULL, '{\"excerpt\": \"notification seed\"}', 1, '2026-04-29 03:30:30'),
(195, 19, 'like', 19, NULL, '{\"excerpt\": \"notification seed\"}', 1, '2026-05-01 03:30:30'),
(196, 15, 'system', 14, NULL, '{\"excerpt\": \"notification seed\"}', 1, '2026-04-16 03:30:30'),
(197, 12, 'follow', 13, NULL, '{\"excerpt\": \"notification seed\"}', 1, '2026-04-24 03:30:30'),
(198, 22, 'mention', 20, NULL, '{\"excerpt\": \"notification seed\"}', 1, '2026-04-30 03:30:30'),
(199, 20, 'mention', 19, NULL, '{\"excerpt\": \"notification seed\"}', 0, '2026-05-04 03:30:30'),
(200, 8, 'mention', 13, NULL, '{\"excerpt\": \"notification seed\"}', 1, '2026-04-23 03:30:30'),
(201, 17, 'mention', 15, NULL, '{\"excerpt\": \"notification seed\"}', 1, '2026-04-25 03:30:30'),
(901, 30, 'mention', 9, NULL, '{\"excerpt\": \"notification seed\"}', 1, '2026-03-30 08:33:35'),
(902, 33, 'comment', 29, NULL, '{\"excerpt\": \"mention détectée\"}', 0, '2026-04-26 12:33:35'),
(904, 29, 'like', 25, NULL, '{\"excerpt\": \"mention détectée\"}', 1, '2026-04-17 10:33:35'),
(905, 28, 'comment', 11, NULL, '{\"excerpt\": \"notification seed\"}', 0, '2026-04-04 04:33:35'),
(908, 11, 'mention', 34, NULL, '{\"excerpt\": \"notification seed\"}', 0, '2026-04-19 17:33:35'),
(909, 24, 'comment', 25, NULL, '{\"excerpt\": \"mention détectée\"}', 0, '2026-04-14 08:33:35'),
(910, 33, 'mention', 35, NULL, '{\"excerpt\": \"notification seed\"}', 1, '2026-04-25 06:33:35'),
(911, 30, 'follow', 35, NULL, '{\"excerpt\": \"notification seed\"}', 0, '2026-04-01 20:33:35'),
(912, 24, 'follow', 7, NULL, '{\"excerpt\": \"mention détectée\"}', 0, '2026-05-05 00:33:35'),
(913, 35, 'message_request', 25, NULL, '{\"excerpt\": \"message système\"}', 0, '2026-04-10 07:33:35'),
(914, 28, 'comment', 25, NULL, '{\"excerpt\": \"message système\"}', 0, '2026-04-17 04:33:35'),
(915, 26, 'follow', 11, NULL, '{\"excerpt\": \"mention détectée\"}', 0, '2026-04-21 16:33:35'),
(916, 29, 'system', 24, NULL, '{\"excerpt\": \"message système\"}', 0, '2026-04-15 15:33:35'),
(917, 35, 'follow', 29, NULL, '{\"excerpt\": \"nouvelle activité\"}', 0, '2026-03-26 14:33:35'),
(918, 8, 'like', 34, NULL, '{\"excerpt\": \"mention détectée\"}', 1, '2026-04-18 02:33:35'),
(919, 24, 'comment', 29, NULL, '{\"excerpt\": \"nouvelle activité\"}', 1, '2026-04-15 21:33:35'),
(920, 28, 'system', 28, NULL, '{\"excerpt\": \"mention détectée\"}', 0, '2026-03-28 02:33:35'),
(921, 26, 'follow', 29, NULL, '{\"excerpt\": \"nouvelle activité\"}', 1, '2026-04-25 16:33:35'),
(923, 30, 'system', 8, NULL, '{\"excerpt\": \"notification seed\"}', 0, '2026-04-06 11:33:35'),
(924, 28, 'follow', 34, NULL, '{\"excerpt\": \"interaction récente\"}', 1, '2026-05-01 20:33:35'),
(925, 31, 'like', 35, NULL, '{\"excerpt\": \"message système\"}', 1, '2026-04-06 18:33:35'),
(926, 26, 'comment', 35, NULL, '{\"excerpt\": \"interaction récente\"}', 1, '2026-05-04 15:33:35'),
(928, 33, 'like', 34, NULL, '{\"excerpt\": \"mention détectée\"}', 0, '2026-04-02 11:33:35'),
(929, 8, 'follow', 26, NULL, '{\"excerpt\": \"notification seed\"}', 1, '2026-04-13 05:33:35'),
(930, 29, 'comment', 32, NULL, '{\"excerpt\": \"nouvelle activité\"}', 1, '2026-04-15 14:33:35'),
(931, 25, 'system', 27, NULL, '{\"excerpt\": \"mention détectée\"}', 0, '2026-03-20 15:33:35'),
(932, 33, 'like', 25, NULL, '{\"excerpt\": \"nouvelle activité\"}', 0, '2026-04-01 09:33:35'),
(933, 33, 'system', 30, NULL, '{\"excerpt\": \"nouvelle activité\"}', 0, '2026-03-29 08:33:35'),
(934, 8, 'follow', 29, NULL, '{\"excerpt\": \"interaction récente\"}', 0, '2026-05-02 07:33:35'),
(935, 32, 'follow', 26, NULL, '{\"excerpt\": \"notification seed\"}', 1, '2026-04-16 03:33:35'),
(936, 8, 'follow', 28, NULL, '{\"excerpt\": \"nouvelle activité\"}', 1, '2026-03-22 18:33:35'),
(937, 26, 'follow', 32, NULL, '{\"excerpt\": \"mention détectée\"}', 0, '2026-04-01 02:33:35'),
(938, 34, 'follow', 28, NULL, '{\"excerpt\": \"interaction récente\"}', 0, '2026-04-12 08:33:35'),
(939, 28, 'system', 7, NULL, '{\"excerpt\": \"mention détectée\"}', 0, '2026-03-23 10:33:35'),
(940, 24, 'follow', 33, NULL, '{\"excerpt\": \"message système\"}', 1, '2026-04-09 15:33:35'),
(941, 32, 'like', 8, NULL, '{\"excerpt\": \"interaction récente\"}', 0, '2026-03-27 18:33:35'),
(942, 8, 'like', 33, NULL, '{\"excerpt\": \"mention détectée\"}', 0, '2026-04-30 06:33:35'),
(943, 34, 'like', 11, NULL, '{\"excerpt\": \"message système\"}', 1, '2026-04-20 00:33:35'),
(944, 34, 'mention', 34, NULL, '{\"excerpt\": \"message système\"}', 0, '2026-03-31 02:33:35'),
(945, 26, 'comment', 27, NULL, '{\"excerpt\": \"nouvelle activité\"}', 1, '2026-04-03 13:33:35'),
(946, 24, 'follow', 11, NULL, '{\"excerpt\": \"nouvelle activité\"}', 0, '2026-04-23 19:33:35'),
(947, 28, 'like', 29, NULL, '{\"excerpt\": \"nouvelle activité\"}', 1, '2026-04-02 11:33:35'),
(948, 35, 'message_request', 31, NULL, '{\"excerpt\": \"message système\"}', 0, '2026-04-18 16:33:35'),
(949, 32, 'message_request', 29, NULL, '{\"excerpt\": \"mention détectée\"}', 1, '2026-05-01 13:33:35'),
(950, 34, 'mention', 11, NULL, '{\"excerpt\": \"mention détectée\"}', 0, '2026-04-25 13:33:35'),
(951, 33, 'like', 27, NULL, '{\"excerpt\": \"message système\"}', 1, '2026-04-14 10:33:35'),
(952, 25, 'comment', 27, NULL, '{\"excerpt\": \"notification seed\"}', 0, '2026-04-22 21:33:35'),
(953, 29, 'mention', 32, NULL, '{\"excerpt\": \"notification seed\"}', 0, '2026-04-27 04:33:35'),
(954, 33, 'like', 28, NULL, '{\"excerpt\": \"nouvelle activité\"}', 1, '2026-03-29 23:33:35'),
(956, 26, 'comment', 29, NULL, '{\"excerpt\": \"mention détectée\"}', 0, '2026-04-10 14:33:35'),
(957, 27, 'message_request', 28, NULL, '{\"excerpt\": \"message système\"}', 0, '2026-04-28 04:33:35'),
(958, 31, 'mention', 33, NULL, '{\"excerpt\": \"mention détectée\"}', 0, '2026-03-25 22:33:35'),
(959, 25, 'mention', 28, NULL, '{\"excerpt\": \"interaction récente\"}', 0, '2026-04-02 07:33:35'),
(960, 33, 'like', 32, NULL, '{\"excerpt\": \"mention détectée\"}', 0, '2026-04-25 02:33:35'),
(962, 32, 'mention', 26, NULL, '{\"excerpt\": \"nouvelle activité\"}', 0, '2026-04-02 18:33:35'),
(964, 28, 'message_request', 27, NULL, '{\"excerpt\": \"mention détectée\"}', 1, '2026-04-12 07:33:36'),
(965, 26, 'mention', 9, NULL, '{\"excerpt\": \"notification seed\"}', 1, '2026-04-09 08:33:36'),
(966, 11, 'system', 9, NULL, '{\"excerpt\": \"interaction récente\"}', 1, '2026-03-25 05:33:36'),
(967, 33, 'mention', 29, NULL, '{\"excerpt\": \"mention détectée\"}', 1, '2026-04-26 14:33:36'),
(968, 30, 'mention', 24, NULL, '{\"excerpt\": \"nouvelle activité\"}', 1, '2026-04-02 21:33:36'),
(969, 11, 'mention', 24, NULL, '{\"excerpt\": \"notification seed\"}', 1, '2026-05-01 07:33:36'),
(970, 26, 'message_request', 34, NULL, '{\"excerpt\": \"nouvelle activité\"}', 0, '2026-03-24 16:33:36'),
(971, 29, 'like', 34, NULL, '{\"excerpt\": \"notification seed\"}', 0, '2026-03-29 22:33:36'),
(972, 26, 'message_request', 30, NULL, '{\"excerpt\": \"nouvelle activité\"}', 0, '2026-03-27 21:33:36'),
(973, 29, 'system', 9, NULL, '{\"excerpt\": \"message système\"}', 0, '2026-03-30 12:33:36'),
(974, 11, 'mention', 8, NULL, '{\"excerpt\": \"interaction récente\"}', 0, '2026-04-03 03:33:36'),
(975, 28, 'mention', 25, NULL, '{\"excerpt\": \"mention détectée\"}', 1, '2026-04-11 18:33:36'),
(976, 11, 'follow', 24, NULL, '{\"excerpt\": \"notification seed\"}', 1, '2026-04-11 14:33:36'),
(977, 8, 'comment', 29, NULL, '{\"excerpt\": \"nouvelle activité\"}', 1, '2026-03-26 21:33:36'),
(978, 33, 'system', 9, NULL, '{\"excerpt\": \"message système\"}', 1, '2026-04-14 12:33:36'),
(979, 28, 'system', 30, NULL, '{\"excerpt\": \"message système\"}', 1, '2026-04-22 12:33:36'),
(980, 29, 'follow', 32, NULL, '{\"excerpt\": \"mention détectée\"}', 0, '2026-03-29 01:00:00'),
(981, 30, 'system', 34, NULL, '{\"excerpt\": \"nouvelle activité\"}', 0, '2026-04-12 21:33:36'),
(984, 27, 'mention', 25, NULL, '{\"excerpt\": \"interaction récente\"}', 0, '2026-04-30 17:33:36'),
(985, 30, 'comment', 9, NULL, '{\"excerpt\": \"notification seed\"}', 1, '2026-03-20 12:33:36'),
(986, 8, 'system', 31, NULL, '{\"excerpt\": \"notification seed\"}', 0, '2026-04-27 21:33:36'),
(987, 35, 'comment', 29, NULL, '{\"excerpt\": \"notification seed\"}', 1, '2026-04-13 03:33:36'),
(989, 32, 'like', 7, NULL, '{\"excerpt\": \"notification seed\"}', 0, '2026-04-11 13:33:36'),
(990, 28, 'message_request', 34, NULL, '{\"excerpt\": \"message système\"}', 1, '2026-05-03 09:33:36'),
(991, 31, 'comment', 9, NULL, '{\"excerpt\": \"interaction récente\"}', 1, '2026-05-04 23:33:36'),
(992, 25, 'system', 31, NULL, '{\"excerpt\": \"message système\"}', 0, '2026-03-31 04:33:36'),
(993, 31, 'message_request', 32, NULL, '{\"excerpt\": \"message système\"}', 1, '2026-04-22 04:33:36'),
(994, 29, 'message_request', 25, NULL, '{\"excerpt\": \"mention détectée\"}', 0, '2026-04-10 04:33:36'),
(996, 24, 'mention', 30, NULL, '{\"excerpt\": \"message système\"}', 1, '2026-03-28 20:33:36'),
(997, 8, 'comment', 28, NULL, '{\"excerpt\": \"mention détectée\"}', 0, '2026-03-25 22:33:36'),
(998, 28, 'follow', 8, NULL, '{\"excerpt\": \"message système\"}', 0, '2026-04-16 02:33:36'),
(1000, 31, 'like', 8, NULL, '{\"excerpt\": \"mention détectée\"}', 1, '2026-04-08 14:33:36'),
(1001, 30, 'comment', 8, NULL, '{\"excerpt\": \"nouvelle activité\"}', 1, '2026-03-29 20:33:36'),
(1002, 11, 'mention', 35, NULL, '{\"excerpt\": \"message système\"}', 1, '2026-03-22 20:33:36'),
(1003, 28, 'system', 9, NULL, '{\"excerpt\": \"message système\"}', 0, '2026-04-19 22:33:36'),
(1004, 26, 'system', 33, NULL, '{\"excerpt\": \"mention détectée\"}', 0, '2026-05-03 07:33:36'),
(1005, 26, 'mention', 8, NULL, '{\"excerpt\": \"nouvelle activité\"}', 1, '2026-04-28 10:33:36'),
(1006, 31, 'message_request', 25, NULL, '{\"excerpt\": \"message système\"}', 1, '2026-05-03 19:33:36'),
(1007, 32, 'system', 24, NULL, '{\"excerpt\": \"mention détectée\"}', 1, '2026-03-26 03:33:36'),
(1008, 25, 'comment', 34, NULL, '{\"excerpt\": \"notification seed\"}', 1, '2026-03-26 12:33:36'),
(1009, 30, 'message_request', 32, NULL, '{\"excerpt\": \"interaction récente\"}', 1, '2026-03-27 06:33:36'),
(1010, 24, 'follow', 29, NULL, '{\"excerpt\": \"mention détectée\"}', 0, '2026-04-29 03:33:36'),
(1011, 24, 'message_request', 8, NULL, '{\"excerpt\": \"nouvelle activité\"}', 1, '2026-04-13 20:33:36'),
(1012, 28, 'system', 7, NULL, '{\"excerpt\": \"interaction récente\"}', 0, '2026-03-29 21:33:36'),
(1013, 33, 'message_request', 7, NULL, '{\"excerpt\": \"mention détectée\"}', 1, '2026-04-11 06:33:36'),
(1014, 32, 'system', 11, NULL, '{\"excerpt\": \"interaction récente\"}', 0, '2026-04-10 05:33:36'),
(1015, 33, 'like', 7, NULL, '{\"excerpt\": \"nouvelle activité\"}', 0, '2026-04-04 16:33:36'),
(1017, 32, 'mention', 25, NULL, '{\"excerpt\": \"interaction récente\"}', 1, '2026-03-30 19:33:36'),
(1018, 35, 'like', 29, NULL, '{\"excerpt\": \"nouvelle activité\"}', 1, '2026-04-15 03:33:36'),
(1019, 29, 'like', 32, NULL, '{\"excerpt\": \"interaction récente\"}', 0, '2026-03-22 19:33:36'),
(1020, 35, 'message_request', 24, NULL, '{\"excerpt\": \"mention détectée\"}', 1, '2026-03-27 22:33:36'),
(1021, 27, 'system', 25, NULL, '{\"excerpt\": \"nouvelle activité\"}', 1, '2026-04-30 16:33:36'),
(1022, 14, 'message', 9, NULL, '{\"excerpt\": \"PK TU SPAM\", \"message_id\": 16}', 0, '2026-05-05 03:37:36');

-- --------------------------------------------------------

--
-- Structure de la table `posts`
--

DROP TABLE IF EXISTS `posts`;
CREATE TABLE IF NOT EXISTS `posts` (
  `id` int NOT NULL AUTO_INCREMENT,
  `user_id` int NOT NULL,
  `content` text CHARACTER SET utf8mb4 COLLATE utf8mb4_unicode_ci NOT NULL,
  `image_url` varchar(255) CHARACTER SET utf8mb4 COLLATE utf8mb4_unicode_ci DEFAULT NULL,
  `created_at` timestamp NULL DEFAULT CURRENT_TIMESTAMP,
  `updated_at` timestamp NULL DEFAULT CURRENT_TIMESTAMP ON UPDATE CURRENT_TIMESTAMP,
  PRIMARY KEY (`id`),
  KEY `user_id` (`user_id`)
) ENGINE=InnoDB AUTO_INCREMENT=421 DEFAULT CHARSET=utf8mb4 COLLATE=utf8mb4_unicode_ci;

--
-- Déchargement des données de la table `posts`
--

INSERT INTO `posts` (`id`, `user_id`, `content`, `image_url`, `created_at`, `updated_at`) VALUES
(28, 9, 'Bienvenue sur netchat !', 'assets/posts/69f95a69e5814_1777949289.jpg', '2026-05-05 02:48:09', '2026-05-05 02:48:09'),
(29, 19, 'Aujourd\'hui j\'ai bossé sur les mentions dans les commentaires. #backend #coding Salut @LunaStack', NULL, '2026-04-27 12:30:29', '2026-04-27 12:30:29'),
(30, 19, 'Quelqu\'un a déjà tenté un algo de ranking maison sur un petit réseau ? #php #mysql #laravel #sql Salut @FoxyTheBigYT', 'assets/posts/102260_1419212169.jpg', '2026-04-26 13:30:29', '2026-04-26 13:30:29'),
(31, 19, 'Aujourd\'hui j\'ai bossé sur les mentions dans les commentaires. #backend #modération #backend #social Salut @OrionPulse', NULL, '2026-05-04 13:30:29', '2026-05-04 13:30:29'),
(32, 21, 'On peut faire un feed réaliste sans tomber dans une usine à gaz. #backend Salut @Malenia', NULL, '2026-04-30 19:30:29', '2026-04-30 19:30:29'),
(33, 8, 'Petit test de feed sur Netchat, ça avance bien. #api #IA', NULL, '2026-04-27 19:30:29', '2026-04-27 19:30:29'),
(34, 12, 'J\'ai refait le système de notifications, beaucoup plus propre maintenant. #dev Salut @LunaStack', NULL, '2026-04-27 02:30:29', '2026-04-27 02:30:29'),
(35, 18, 'La structure SQL tient enfin la route après les derniers correctifs. #modération #design', NULL, '2026-04-25 15:30:29', '2026-04-25 15:30:29'),
(36, 17, 'Les messages privés sont séparés du reste, c\'est plus simple à gérer.', NULL, '2026-04-14 19:30:29', '2026-04-14 19:30:29'),
(37, 16, 'La modération a besoin d\'outils clairs, sinon ça devient vite le chaos. #backend Salut @AstraNova', NULL, '2026-04-24 15:30:29', '2026-04-24 15:30:29'),
(38, 11, 'Nouveau post avec image, histoire de tester l\'upload et l\'aperçu. #social', NULL, '2026-04-29 08:30:29', '2026-04-29 08:30:29'),
(39, 7, 'La structure SQL tient enfin la route après les derniers correctifs. Salut @LunaStack', NULL, '2026-04-14 20:30:29', '2026-04-14 20:30:29'),
(40, 16, 'La structure SQL tient enfin la route après les derniers correctifs. #modération #backend #web', NULL, '2026-04-19 13:30:29', '2026-04-19 13:30:29'),
(41, 23, 'Les messages privés sont séparés du reste, c\'est plus simple à gérer. #backend #laravel Salut @AstraNova', NULL, '2026-04-17 05:30:29', '2026-04-17 05:30:29'),
(42, 11, 'Un bon feed, c\'est surtout des bonnes données et des bons signaux utilisateurs. #dev Salut @SoraByte', 'assets/posts/168517_1430256336.jpg', '2026-04-20 01:30:29', '2026-04-20 01:30:29'),
(43, 9, 'Aujourd\'hui j\'ai bossé sur les mentions dans les commentaires. #backend', NULL, '2026-04-16 02:30:29', '2026-04-16 02:30:29'),
(44, 17, 'Petit test de feed sur Netchat, ça avance bien. #web #social #backend Salut @NoctisDev', NULL, '2026-04-21 01:30:29', '2026-04-21 01:30:29'),
(45, 7, 'Aujourd\'hui j\'ai bossé sur les mentions dans les commentaires. #backend #social #php', NULL, '2026-04-24 08:30:29', '2026-04-24 08:30:29'),
(46, 17, 'Je pense ajouter un vrai système de trending pour les hashtags. #backend #modération', NULL, '2026-04-18 02:30:29', '2026-04-18 02:30:29'),
(47, 21, 'La modération a besoin d\'outils clairs, sinon ça devient vite le chaos. #social #sql #mysql Salut @SoraByte', NULL, '2026-04-17 10:30:29', '2026-04-17 10:30:29'),
(48, 11, 'J\'aime bien quand une base de données reste cohérente même avec beaucoup de tables. Salut @VantaFox', NULL, '2026-05-02 17:30:29', '2026-05-02 17:30:29'),
(49, 21, 'Nouveau post avec image, histoire de tester l\'upload et l\'aperçu.', NULL, '2026-04-25 21:30:29', '2026-04-25 21:30:29'),
(50, 7, 'La modération a besoin d\'outils clairs, sinon ça devient vite le chaos. Salut @OrionPulse', NULL, '2026-04-26 10:30:29', '2026-04-26 10:30:29'),
(51, 16, 'La structure SQL tient enfin la route après les derniers correctifs. #design #feed #coding Salut @VantaFox', NULL, '2026-04-21 07:30:29', '2026-04-21 07:30:29'),
(52, 17, 'J\'ai refait le système de notifications, beaucoup plus propre maintenant. #dev #mysql Salut @OrionPulse', NULL, '2026-04-16 17:30:29', '2026-04-16 17:30:29'),
(53, 13, 'Les messages privés sont séparés du reste, c\'est plus simple à gérer.', NULL, '2026-04-20 07:30:29', '2026-04-20 07:30:29'),
(54, 8, 'Nouveau post avec image, histoire de tester l\'upload et l\'aperçu. #feed #social #php', NULL, '2026-05-01 01:30:29', '2026-05-01 01:30:29'),
(55, 23, 'J\'aime bien quand une base de données reste cohérente même avec beaucoup de tables. #web', NULL, '2026-05-01 14:30:29', '2026-05-01 14:30:29'),
(56, 7, 'J\'ai refait le système de notifications, beaucoup plus propre maintenant. #dev #dev #php #design', NULL, '2026-04-20 17:30:29', '2026-04-20 17:30:29'),
(57, 11, 'Les perfs sont meilleures après avoir réduit les requêtes inutiles. #laravel Salut @LunaStack', 'assets/posts/314353_1323646570.jpg', '2026-04-28 23:30:29', '2026-04-28 23:30:29'),
(58, 16, 'Le thème dark est enfin lisible sur mobile, gros soulagement. #laravel #mysql', NULL, '2026-04-15 01:30:29', '2026-04-15 01:30:29'),
(59, 23, 'Les perfs sont meilleures après avoir réduit les requêtes inutiles. #social #dev Salut @NoctisDev', 'assets/posts/996840_1096955134.jpg', '2026-04-15 08:30:29', '2026-04-15 08:30:29'),
(60, 16, 'Nouveau post avec image, histoire de tester l\'upload et l\'aperçu. #modération #coding #php', NULL, '2026-04-24 03:30:29', '2026-04-24 03:30:29'),
(61, 19, 'Un bon feed, c\'est surtout des bonnes données et des bons signaux utilisateurs. #api #social #laravel', NULL, '2026-04-19 21:30:29', '2026-04-19 21:30:29'),
(62, 23, 'Le thème dark est enfin lisible sur mobile, gros soulagement. #sql', NULL, '2026-04-30 23:30:29', '2026-04-30 23:30:29'),
(63, 21, 'Le thème dark est enfin lisible sur mobile, gros soulagement. #laravel Salut @OrionPulse', NULL, '2026-05-03 00:30:29', '2026-05-03 00:30:29'),
(64, 17, 'J\'aime bien quand une base de données reste cohérente même avec beaucoup de tables. #api #social #dev Salut @FoxyTheBigYT', NULL, '2026-05-03 17:30:29', '2026-05-03 17:30:29'),
(65, 21, 'Je pense ajouter un vrai système de trending pour les hashtags. #modération #backend Salut @LunaStack', NULL, '2026-04-29 05:30:29', '2026-04-29 05:30:29'),
(66, 21, 'Les messages privés sont séparés du reste, c\'est plus simple à gérer.', 'assets/posts/994253_1079512774.jpg', '2026-04-20 22:30:29', '2026-04-20 22:30:29'),
(67, 14, 'Quelqu\'un a déjà tenté un algo de ranking maison sur un petit réseau ? #php #mysql', NULL, '2026-04-18 16:30:29', '2026-04-18 16:30:29'),
(68, 21, 'Je veux ajouter un peu d\'IA pour classer les posts plus intelligemment. #modération #mysql #web', 'assets/posts/790731_1670529419.jpg', '2026-04-15 17:30:29', '2026-04-15 17:30:29'),
(69, 12, 'Un bon feed, c\'est surtout des bonnes données et des bons signaux utilisateurs.', NULL, '2026-04-25 12:30:29', '2026-04-25 12:30:29'),
(70, 18, 'J\'aime bien quand une base de données reste cohérente même avec beaucoup de tables. #social #feed #backend', 'assets/posts/512344_1542716859.jpg', '2026-04-20 20:30:29', '2026-04-20 20:30:29'),
(71, 9, 'J\'aime bien quand une base de données reste cohérente même avec beaucoup de tables. #modération #web #php Salut @Malenia', NULL, '2026-04-24 10:30:29', '2026-04-24 10:30:29'),
(72, 19, 'Petit test de feed sur Netchat, ça avance bien. #php #laravel #dev Salut @MikaFlow', 'assets/posts/824042_1218927025.jpg', '2026-04-21 11:30:29', '2026-04-21 11:30:29'),
(73, 20, 'Quelqu\'un a déjà tenté un algo de ranking maison sur un petit réseau ? #php #mysql #web #laravel #sql Salut @KairoLink', NULL, '2026-04-28 02:30:29', '2026-04-28 02:30:29'),
(74, 15, 'On peut faire un feed réaliste sans tomber dans une usine à gaz. Salut @NeoMatiere', NULL, '2026-04-19 23:30:29', '2026-04-19 23:30:29'),
(75, 19, 'Petit test de feed sur Netchat, ça avance bien. #backend #mysql Salut @KairoLink', NULL, '2026-04-25 05:30:29', '2026-04-25 05:30:29'),
(76, 18, 'J\'aime bien quand une base de données reste cohérente même avec beaucoup de tables. #sql #api #php', NULL, '2026-04-24 01:30:29', '2026-04-24 01:30:29'),
(77, 11, 'J\'ai refait le système de notifications, beaucoup plus propre maintenant. #dev Salut @FoxyTheBigYT', NULL, '2026-04-18 14:30:29', '2026-04-18 14:30:29'),
(78, 15, 'Petit test de feed sur Netchat, ça avance bien. Salut @OrionPulse', NULL, '2026-05-04 20:30:29', '2026-05-04 20:30:29'),
(79, 19, 'La structure SQL tient enfin la route après les derniers correctifs. #coding', NULL, '2026-04-29 07:30:29', '2026-04-29 07:30:29'),
(80, 18, 'La modération a besoin d\'outils clairs, sinon ça devient vite le chaos. Salut @FoxyTheBigYT', 'assets/posts/299254_1796152940.jpg', '2026-05-01 04:30:29', '2026-05-01 04:30:29'),
(81, 16, 'Petit test de feed sur Netchat, ça avance bien. #web #design #IA Salut @AstraNova', NULL, '2026-04-22 09:30:29', '2026-04-22 09:30:29'),
(82, 8, 'J\'aime bien quand une base de données reste cohérente même avec beaucoup de tables. Salut @Malenia', NULL, '2026-04-27 21:30:29', '2026-04-27 21:30:29'),
(83, 19, 'Je veux ajouter un peu d\'IA pour classer les posts plus intelligemment. Salut @KairoLink', NULL, '2026-04-30 05:30:29', '2026-04-30 05:30:29'),
(84, 9, 'Un bon feed, c\'est surtout des bonnes données et des bons signaux utilisateurs. #IA #feed #mysql', NULL, '2026-05-02 08:30:29', '2026-05-02 08:30:29'),
(85, 14, 'Les messages privés sont séparés du reste, c\'est plus simple à gérer.', NULL, '2026-04-16 11:30:29', '2026-04-16 11:30:29'),
(86, 14, 'Je pense ajouter un vrai système de trending pour les hashtags. #design', NULL, '2026-04-28 13:30:30', '2026-04-28 13:30:30'),
(87, 11, 'Je veux ajouter un peu d\'IA pour classer les posts plus intelligemment. Salut @NoctisDev', NULL, '2026-04-22 16:30:30', '2026-04-22 16:30:30'),
(88, 8, 'J\'ai refait le système de notifications, beaucoup plus propre maintenant. #dev #laravel #coding', NULL, '2026-04-16 20:30:30', '2026-04-16 20:30:30'),
(89, 14, 'Je veux ajouter un peu d\'IA pour classer les posts plus intelligemment. #mysql #frontend #sql Salut @Malenia', NULL, '2026-04-19 11:30:30', '2026-04-19 11:30:30'),
(90, 9, 'Un bon feed, c\'est surtout des bonnes données et des bons signaux utilisateurs. #dev #api #sql Salut @FoxyTheBigYT', NULL, '2026-04-17 18:30:30', '2026-04-17 18:30:30'),
(91, 9, 'La modération a besoin d\'outils clairs, sinon ça devient vite le chaos.', NULL, '2026-04-16 05:30:30', '2026-04-16 05:30:30'),
(92, 16, 'Les messages privés sont séparés du reste, c\'est plus simple à gérer. Salut @VantaFox', NULL, '2026-04-27 06:30:30', '2026-04-27 06:30:30'),
(93, 13, 'J\'ai refait le système de notifications, beaucoup plus propre maintenant. #dev #dev #php', 'assets/posts/578693_1000725768.jpg', '2026-04-21 21:30:30', '2026-04-21 21:30:30'),
(94, 15, 'La modération a besoin d\'outils clairs, sinon ça devient vite le chaos. #social Salut @MikaFlow', 'assets/posts/945106_1109980341.jpg', '2026-05-01 17:30:30', '2026-05-01 17:30:30'),
(95, 17, 'J\'aime bien quand une base de données reste cohérente même avec beaucoup de tables. #dev', 'assets/posts/326222_1042763764.jpg', '2026-05-03 15:30:30', '2026-05-03 15:30:30'),
(96, 11, 'La modération a besoin d\'outils clairs, sinon ça devient vite le chaos. #mysql #backend', NULL, '2026-05-01 20:30:30', '2026-05-01 20:30:30'),
(97, 21, 'J\'ai refait le système de notifications, beaucoup plus propre maintenant. #dev #IA', 'assets/posts/249289_1764131026.jpg', '2026-04-27 01:30:30', '2026-04-27 01:30:30'),
(98, 7, 'J\'ai refait le système de notifications, beaucoup plus propre maintenant. #dev #IA', 'assets/posts/405844_1280236885.jpg', '2026-04-24 15:30:30', '2026-04-24 15:30:30'),
(99, 20, 'La modération a besoin d\'outils clairs, sinon ça devient vite le chaos. Salut @MikaFlow', NULL, '2026-04-17 04:30:30', '2026-04-17 04:30:30'),
(100, 12, 'La structure SQL tient enfin la route après les derniers correctifs. Salut @KairoLink', NULL, '2026-04-23 09:30:30', '2026-04-23 09:30:30'),
(101, 16, 'Je veux ajouter un peu d\'IA pour classer les posts plus intelligemment.', NULL, '2026-04-19 10:30:30', '2026-04-19 10:30:30'),
(102, 7, 'La modération a besoin d\'outils clairs, sinon ça devient vite le chaos.', 'assets/posts/731650_1341682804.jpg', '2026-04-15 20:30:30', '2026-04-15 20:30:30'),
(103, 14, 'La modération a besoin d\'outils clairs, sinon ça devient vite le chaos. #design #frontend #social Salut @AstraNova', NULL, '2026-05-02 16:30:30', '2026-05-02 16:30:30'),
(104, 13, 'J\'ai refait le système de notifications, beaucoup plus propre maintenant. #dev #IA', NULL, '2026-04-17 19:30:30', '2026-04-17 19:30:30'),
(105, 8, 'J\'aime bien quand une base de données reste cohérente même avec beaucoup de tables. #dev #sql #IA', NULL, '2026-04-17 06:30:30', '2026-04-17 06:30:30'),
(106, 11, 'Je veux ajouter un peu d\'IA pour classer les posts plus intelligemment. #mysql Salut @L_Lawliet', NULL, '2026-04-23 02:30:30', '2026-04-23 02:30:30'),
(107, 11, 'Je veux ajouter un peu d\'IA pour classer les posts plus intelligemment. #web #coding Salut @L_Lawliet', NULL, '2026-04-26 04:30:30', '2026-04-26 04:30:30'),
(108, 12, 'Un bon feed, c\'est surtout des bonnes données et des bons signaux utilisateurs.', NULL, '2026-05-04 20:30:30', '2026-05-04 20:30:30'),
(109, 11, 'J\'ai refait le système de notifications, beaucoup plus propre maintenant. #dev #modération #frontend', NULL, '2026-04-14 18:30:30', '2026-04-14 18:30:30'),
(110, 17, 'Nouveau post avec image, histoire de tester l\'upload et l\'aperçu.', NULL, '2026-04-27 04:30:30', '2026-04-27 04:30:30'),
(111, 8, 'La structure SQL tient enfin la route après les derniers correctifs. #IA #dev Salut @AstraNova', NULL, '2026-05-04 17:30:30', '2026-05-04 17:30:30'),
(112, 9, 'La structure SQL tient enfin la route après les derniers correctifs. #social #design Salut @VantaFox', NULL, '2026-05-04 18:30:30', '2026-05-04 18:30:30'),
(113, 11, 'Je pense ajouter un vrai système de trending pour les hashtags. #modération Salut @Malenia', NULL, '2026-04-19 23:30:30', '2026-04-19 23:30:30'),
(114, 22, 'La structure SQL tient enfin la route après les derniers correctifs. #sql', 'assets/posts/993385_1148599901.jpg', '2026-04-14 22:30:30', '2026-04-14 22:30:30'),
(115, 7, 'Quelqu\'un a déjà tenté un algo de ranking maison sur un petit réseau ? #php #mysql', NULL, '2026-05-04 03:30:30', '2026-05-04 03:30:30'),
(116, 11, 'Les messages privés sont séparés du reste, c\'est plus simple à gérer. #IA Salut @KairoLink', NULL, '2026-05-02 08:30:30', '2026-05-02 08:30:30'),
(117, 8, 'La modération a besoin d\'outils clairs, sinon ça devient vite le chaos. #api #mysql #design', NULL, '2026-05-01 00:30:30', '2026-05-01 00:30:30'),
(118, 12, 'Les perfs sont meilleures après avoir réduit les requêtes inutiles. #mysql #dev', 'assets/posts/886626_1843458769.jpg', '2026-04-29 18:30:30', '2026-04-29 18:30:30'),
(200, 31, 'Un post bien écrit peut déclencher une vraie discussion. #web #actu', NULL, '2026-04-06 03:33:35', '2026-04-29 02:33:35'),
(201, 29, 'Les discussions de groupe sont beaucoup plus vivantes quand il y a des réactions rapides. #backend #tech @FoxyTheBigYT', NULL, '2026-04-02 08:33:35', '2026-04-18 09:33:35'),
(202, 26, 'Les hashtags aident toujours à faire ressortir les sujets chauds.', NULL, '2026-04-29 02:33:35', '2026-05-03 23:33:35'),
(203, 24, 'Je suis tombé sur une discussion sur la vie privée et les messages privés.', NULL, '2026-04-17 15:33:35', '2026-03-30 04:33:35'),
(204, 29, 'Un post bien écrit peut déclencher une vraie discussion. #mobile #photo', NULL, '2026-04-10 16:33:35', '2026-04-04 07:33:35'),
(205, 31, 'Entre dev et actu, j\'alterne un peu selon l\'humeur. #mobile #backend', NULL, '2026-04-23 20:33:35', '2026-04-14 10:33:35'),
(206, 33, 'Le rythme des réactions fait vraiment vivre un réseau social. #IA #gaming #python @NeoMatiere', NULL, '2026-04-11 04:33:35', '2026-04-24 07:33:35'),
(207, 32, 'Petit thread sur les erreurs que j\'ai faites en production. #backend', NULL, '2026-05-02 05:33:35', '2026-04-27 20:33:35'),
(208, 33, 'Un post bien écrit peut déclencher une vraie discussion.', NULL, '2026-04-23 20:33:35', '2026-03-22 18:33:35'),
(209, 33, 'Quelqu\'un a testé les nouveaux frameworks front ?', NULL, '2026-03-28 18:33:35', '2026-04-26 05:33:35'),
(210, 30, 'Bon, la météo est nulle mais le code avance. #coding #tech #linux', NULL, '2026-04-25 09:33:35', '2026-04-12 17:33:35'),
(211, 33, 'Je suis tombé sur une discussion sur la vie privée et les messages privés. #backend @MikaFlow', NULL, '2026-04-30 02:33:35', '2026-03-28 19:33:35'),
(212, 30, 'On devrait peut-être ajouter un tri par popularité pour les posts du jour. #tech', 'assets/posts/562591_1167875301.jpg', '2026-04-18 18:33:35', '2026-04-24 07:33:35'),
(213, 31, 'On devrait peut-être ajouter un tri par popularité pour les posts du jour. #societe #sql #web', NULL, '2026-04-27 04:33:35', '2026-04-12 10:33:35'),
(214, 24, 'J\'ai refait un peu l\'interface mobile, ça respire mieux. #actu #IA', NULL, '2026-03-26 15:33:35', '2026-04-24 09:33:35'),
(215, 32, 'J\'ai refait un peu l\'interface mobile, ça respire mieux. @KairoLink', NULL, '2026-04-17 17:33:35', '2026-04-05 01:33:35'),
(216, 32, 'Un post bien écrit peut déclencher une vraie discussion.', NULL, '2026-04-06 15:33:35', '2026-04-13 10:33:35'),
(217, 24, 'Je viens de voir passer une actu sur les réseaux sociaux et la modération, c\'est un vrai sujet. #gaming #IA @Malenia', NULL, '2026-03-24 22:33:35', '2026-04-01 19:33:35'),
(218, 25, 'Les hashtags aident toujours à faire ressortir les sujets chauds. #mobile #tech', NULL, '2026-04-27 08:33:35', '2026-04-19 03:33:35'),
(219, 30, 'Quelqu\'un a testé les nouveaux frameworks front ?', NULL, '2026-04-17 13:33:35', '2026-04-25 14:33:35'),
(220, 9, 'Le rythme des réactions fait vraiment vivre un réseau social. #actu', 'assets/posts/641768_1235895990.jpg', '2026-04-19 09:33:35', '2026-04-22 12:33:35'),
(221, 25, 'Les hashtags aident toujours à faire ressortir les sujets chauds. #modération #IA @Marion60__mod', NULL, '2026-05-03 23:33:35', '2026-03-30 16:33:35'),
(222, 26, 'On devrait peut-être ajouter un tri par popularité pour les posts du jour. @Marion60__mod', NULL, '2026-04-23 16:33:35', '2026-05-02 03:33:35'),
(223, 31, 'Je viens de voir passer une actu sur les réseaux sociaux et la modération, c\'est un vrai sujet. #ux #sql @PixelRaven', 'assets/posts/618103_1070386062.jpg', '2026-05-04 16:33:35', '2026-03-21 02:33:35'),
(224, 24, 'J\'ai refait un peu l\'interface mobile, ça respire mieux. #societe #gaming @Marion60__mod', NULL, '2026-04-15 06:33:35', '2026-04-28 15:33:35'),
(225, 25, 'Le débat sur l\'IA dans les métiers du dev devient intéressant. #IA #dev #sql #mobile @Marion60__mod', NULL, '2026-03-29 08:33:35', '2026-03-24 03:33:35'),
(226, 32, 'Je suis tombé sur une discussion sur la vie privée et les messages privés. #gaming', NULL, '2026-03-27 09:33:35', '2026-04-14 04:33:35'),
(227, 26, 'Il faut vraiment mieux gérer les notifications sinon les gens ratent tout. #IA @SoraByte', NULL, '2026-03-27 04:33:35', '2026-03-21 02:33:35'),
(228, 35, 'Les hashtags aident toujours à faire ressortir les sujets chauds. #linux #python', NULL, '2026-03-22 02:33:35', '2026-04-21 12:33:35'),
(229, 32, 'La base de données commence à être bien chargée, et c\'est plutôt bon signe.', NULL, '2026-04-25 05:33:35', '2026-04-23 23:33:35'),
(230, 24, 'Je viens de voir passer une actu sur les réseaux sociaux et la modération, c\'est un vrai sujet. #frontend #IA #sql', 'assets/posts/818379_1150065209.jpg', '2026-04-30 12:33:35', '2026-04-24 07:33:35'),
(231, 11, 'Vous pensez quoi du prix des composants PC en ce moment ? #photo', 'assets/posts/160039_1677970300.jpg', '2026-03-27 18:33:35', '2026-03-26 11:33:35'),
(232, 33, 'Le débat sur l\'IA dans les métiers du dev devient intéressant. #IA #dev #dev', NULL, '2026-04-25 23:33:35', '2026-04-05 00:33:35'),
(233, 11, 'J\'ai refait un peu l\'interface mobile, ça respire mieux. #backend #python #sql', NULL, '2026-04-01 06:33:35', '2026-04-30 07:33:35'),
(234, 33, 'Il faut vraiment mieux gérer les notifications sinon les gens ratent tout. @AstraNova', NULL, '2026-04-07 02:33:35', '2026-04-07 06:33:35'),
(235, 30, 'Un post bien écrit peut déclencher une vraie discussion. #tech #photo #gaming @NeoMatiere', NULL, '2026-04-24 15:33:35', '2026-04-26 22:33:35'),
(236, 27, 'Un post bien écrit peut déclencher une vraie discussion.', NULL, '2026-04-01 11:33:35', '2026-03-31 16:33:35'),
(237, 28, 'On devrait peut-être ajouter un tri par popularité pour les posts du jour.', NULL, '2026-04-18 20:33:35', '2026-04-18 09:33:35'),
(238, 34, 'Je suis tombé sur une discussion sur la vie privée et les messages privés. #societe #sql #frontend', NULL, '2026-04-05 01:33:35', '2026-04-26 14:33:35'),
(239, 33, 'Bon, la météo est nulle mais le code avance. #coding @FoxyTheBigYT', NULL, '2026-04-06 23:33:35', '2026-03-28 00:33:35'),
(240, 25, 'Un post bien écrit peut déclencher une vraie discussion. #societe #web @AstraNova', NULL, '2026-03-26 05:33:35', '2026-04-25 03:33:35'),
(241, 26, 'Je viens de voir passer une actu sur les réseaux sociaux et la modération, c\'est un vrai sujet.', 'assets/posts/153559_1501682659.jpg', '2026-04-04 04:33:35', '2026-05-04 06:33:35'),
(242, 35, 'Je viens de voir passer une actu sur les réseaux sociaux et la modération, c\'est un vrai sujet. #dev @PixelRaven', NULL, '2026-04-09 18:33:35', '2026-04-28 16:33:35'),
(243, 7, 'La base de données commence à être bien chargée, et c\'est plutôt bon signe. #web', NULL, '2026-04-02 00:33:35', '2026-04-04 10:33:35'),
(244, 11, 'Il faut vraiment mieux gérer les notifications sinon les gens ratent tout. #gaming #IA', NULL, '2026-04-10 23:33:35', '2026-04-06 06:33:35'),
(245, 33, 'Il faut vraiment mieux gérer les notifications sinon les gens ratent tout. #actu', NULL, '2026-04-29 21:33:35', '2026-04-03 12:33:35'),
(246, 35, 'Il faut vraiment mieux gérer les notifications sinon les gens ratent tout. #ux @Marion60_Admin', NULL, '2026-04-16 19:33:35', '2026-03-26 07:33:35'),
(247, 30, 'Les discussions de groupe sont beaucoup plus vivantes quand il y a des réactions rapides. #dev #IA #modération @L_Lawliet', 'assets/posts/682104_1262082921.jpg', '2026-05-04 19:33:35', '2026-04-17 10:33:35'),
(248, 9, 'Les hashtags aident toujours à faire ressortir les sujets chauds. #linux #gaming', 'assets/posts/221975_1797384234.jpg', '2026-04-22 20:33:35', '2026-04-14 21:33:35'),
(249, 33, 'J\'ai refait un peu l\'interface mobile, ça respire mieux. #modération #web #frontend', NULL, '2026-03-29 00:33:35', '2026-03-25 14:33:35'),
(250, 32, 'Aujourd\'hui, gros taf sur les profils et les paramètres utilisateur. #web #modération #IA', NULL, '2026-04-22 14:33:35', '2026-05-01 16:33:35'),
(251, 24, 'Entre dev et actu, j\'alterne un peu selon l\'humeur. @MikaFlow', NULL, '2026-04-30 20:33:35', '2026-04-12 00:33:35'),
(252, 25, 'Aujourd\'hui, gros taf sur les profils et les paramètres utilisateur. #web #actu', NULL, '2026-04-16 14:33:35', '2026-04-10 11:33:35'),
(253, 24, 'On devrait peut-être ajouter un tri par popularité pour les posts du jour. #tech #modération #mobile @Marion60_Admin', NULL, '2026-04-21 00:33:35', '2026-04-07 16:33:35'),
(254, 7, 'On devrait peut-être ajouter un tri par popularité pour les posts du jour. @Marion60_Admin', NULL, '2026-03-24 10:33:35', '2026-04-16 02:33:35'),
(255, 32, 'Petit thread sur les erreurs que j\'ai faites en production. #backend #sql', NULL, '2026-04-28 07:33:35', '2026-04-22 00:33:35'),
(256, 31, 'Un post bien écrit peut déclencher une vraie discussion. #ux #sql', 'assets/posts/620352_1290703038.jpg', '2026-04-25 00:33:35', '2026-04-10 20:33:35'),
(257, 27, 'Il faut vraiment mieux gérer les notifications sinon les gens ratent tout. #sql #backend #ux @PixelRaven', NULL, '2026-03-30 01:33:35', '2026-04-20 16:33:35'),
(258, 25, 'Les actualités tech changent vite, dur de tout suivre. @Malenia', NULL, '2026-04-05 09:33:35', '2026-03-26 12:33:35'),
(259, 27, 'Les discussions de groupe sont beaucoup plus vivantes quand il y a des réactions rapides. #tech #mobile #modération @Marion60_Admin', 'assets/posts/104388_1797782901.jpg', '2026-04-17 08:33:35', '2026-04-12 19:33:35'),
(260, 31, 'Aujourd\'hui, gros taf sur les profils et les paramètres utilisateur. #web #dev #web @L_Lawliet', NULL, '2026-04-26 00:33:35', '2026-04-15 13:33:35'),
(261, 35, 'J\'ai refait un peu l\'interface mobile, ça respire mieux. #backend @NeoMatiere', NULL, '2026-04-15 01:33:35', '2026-04-26 18:33:35'),
(262, 7, 'Le rythme des réactions fait vraiment vivre un réseau social.', NULL, '2026-04-22 14:33:35', '2026-04-15 11:33:35'),
(263, 30, 'J\'ai refait un peu l\'interface mobile, ça respire mieux. @NeoMatiere', NULL, '2026-04-28 16:33:35', '2026-04-26 11:33:35'),
(264, 32, 'Le débat sur l\'IA dans les métiers du dev devient intéressant. #IA #dev #actu #photo #societe', NULL, '2026-04-13 14:33:35', '2026-03-24 21:33:35'),
(265, 11, 'Je viens de voir passer une actu sur les réseaux sociaux et la modération, c\'est un vrai sujet. #IA #actu', NULL, '2026-04-24 05:33:35', '2026-03-26 10:33:35'),
(266, 26, 'Quelqu\'un a testé les nouveaux frameworks front ? @AstraNova', 'assets/posts/935267_1791759161.jpg', '2026-03-26 20:33:35', '2026-03-21 11:33:35'),
(267, 11, 'Vous pensez quoi du prix des composants PC en ce moment ? #tech @VantaFox', NULL, '2026-04-27 02:33:35', '2026-03-23 10:33:35'),
(268, 28, 'La base de données commence à être bien chargée, et c\'est plutôt bon signe.', NULL, '2026-03-23 10:33:35', '2026-04-23 16:33:35'),
(269, 11, 'Petit thread sur les erreurs que j\'ai faites en production. #backend #photo #IA', 'assets/posts/948697_1495731024.jpg', '2026-04-01 23:33:35', '2026-04-06 01:33:35'),
(270, 26, 'Le débat sur l\'IA dans les métiers du dev devient intéressant. #IA #dev #frontend #tech #dev @Marion60__mod', NULL, '2026-04-09 05:33:35', '2026-04-11 08:33:35'),
(271, 24, 'Un post bien écrit peut déclencher une vraie discussion. #actu', NULL, '2026-04-23 19:33:35', '2026-05-03 14:33:35'),
(272, 29, 'J\'ai refait un peu l\'interface mobile, ça respire mieux. #societe #tech @Marion60_Admin', NULL, '2026-04-25 16:33:35', '2026-04-28 18:33:35'),
(273, 8, 'Je suis tombé sur une discussion sur la vie privée et les messages privés.', NULL, '2026-03-27 12:33:35', '2026-04-15 22:33:35'),
(274, 24, 'Petit thread sur les erreurs que j\'ai faites en production. #backend #frontend #actu', NULL, '2026-04-02 07:33:35', '2026-04-21 21:33:35'),
(275, 35, 'Un post bien écrit peut déclencher une vraie discussion.', NULL, '2026-05-04 19:33:35', '2026-05-02 01:33:35'),
(276, 33, 'Les actualités tech changent vite, dur de tout suivre. #sql', NULL, '2026-04-18 09:33:35', '2026-04-02 17:33:35'),
(277, 11, 'On devrait peut-être ajouter un tri par popularité pour les posts du jour. #photo #societe #tech @Marion60_Admin', NULL, '2026-04-15 01:33:35', '2026-04-20 23:33:35'),
(278, 24, 'Petit thread sur les erreurs que j\'ai faites en production. #backend #tech #linux @Malenia', NULL, '2026-04-29 23:33:35', '2026-04-16 16:33:35'),
(279, 28, 'Je suis tombé sur une discussion sur la vie privée et les messages privés. #frontend @NoctisDev', NULL, '2026-04-14 06:33:35', '2026-05-02 14:33:35'),
(280, 9, 'Petit thread sur les erreurs que j\'ai faites en production. #backend', 'assets/posts/974731_1701736751.jpg', '2026-04-07 23:33:35', '2026-04-02 20:33:35'),
(281, 31, 'Un post bien écrit peut déclencher une vraie discussion. #dev #python', 'assets/posts/333877_1849059995.jpg', '2026-04-10 03:33:35', '2026-05-03 15:33:35'),
(282, 11, 'Entre dev et actu, j\'alterne un peu selon l\'humeur. @SoraByte', NULL, '2026-04-14 12:33:35', '2026-04-14 04:33:35'),
(283, 27, 'Les hashtags aident toujours à faire ressortir les sujets chauds. #photo', NULL, '2026-04-27 15:33:35', '2026-03-27 10:33:35'),
(284, 28, 'Entre dev et actu, j\'alterne un peu selon l\'humeur. @AstraNova', 'assets/posts/747138_1214598971.jpg', '2026-05-04 23:33:35', '2026-03-30 00:33:35'),
(285, 34, 'Il faut vraiment mieux gérer les notifications sinon les gens ratent tout. @PixelRaven', 'assets/posts/351758_1415200268.jpg', '2026-04-07 11:33:35', '2026-04-01 05:33:35'),
(286, 9, 'Les discussions de groupe sont beaucoup plus vivantes quand il y a des réactions rapides.', NULL, '2026-04-02 08:33:35', '2026-04-23 05:33:35'),
(287, 25, 'Je suis tombé sur une discussion sur la vie privée et les messages privés. #IA', NULL, '2026-04-20 01:33:35', '2026-04-06 06:33:35'),
(288, 35, 'J\'ai refait un peu l\'interface mobile, ça respire mieux.', NULL, '2026-04-26 13:33:35', '2026-04-24 04:33:35'),
(289, 32, 'J\'ai refait un peu l\'interface mobile, ça respire mieux. #mobile #photo #actu', NULL, '2026-04-27 16:33:35', '2026-04-03 11:33:35'),
(290, 8, 'Les discussions de groupe sont beaucoup plus vivantes quand il y a des réactions rapides. #linux #ux #actu', NULL, '2026-05-03 01:33:35', '2026-04-02 12:33:35'),
(291, 7, 'Petit thread sur les erreurs que j\'ai faites en production. #backend #IA #tech', 'assets/posts/157756_1833377316.jpg', '2026-04-14 10:33:35', '2026-05-04 17:33:35'),
(292, 30, 'Un post bien écrit peut déclencher une vraie discussion. #tech #IA', NULL, '2026-04-29 20:33:35', '2026-04-25 05:33:35'),
(293, 32, 'Vous pensez quoi du prix des composants PC en ce moment ? #mobile', NULL, '2026-04-20 15:33:35', '2026-03-27 04:33:35'),
(294, 7, 'Aujourd\'hui, gros taf sur les profils et les paramètres utilisateur. #web #frontend #dev #mobile @AstraNova', NULL, '2026-04-25 09:33:35', '2026-04-14 14:33:35'),
(295, 7, 'Je viens de voir passer une actu sur les réseaux sociaux et la modération, c\'est un vrai sujet.', NULL, '2026-04-30 20:33:35', '2026-04-24 11:33:35'),
(296, 7, 'Les actualités tech changent vite, dur de tout suivre.', NULL, '2026-03-21 13:33:35', '2026-04-06 10:33:35'),
(297, 32, 'Le débat sur l\'IA dans les métiers du dev devient intéressant. #IA #dev @PixelRaven', NULL, '2026-03-21 13:33:35', '2026-04-06 09:33:35'),
(298, 9, 'On devrait peut-être ajouter un tri par popularité pour les posts du jour. #frontend', NULL, '2026-04-27 07:33:35', '2026-04-08 09:33:35'),
(299, 11, 'Entre dev et actu, j\'alterne un peu selon l\'humeur. @FoxyTheBigYT', NULL, '2026-04-17 22:33:35', '2026-04-11 11:33:35'),
(300, 34, 'Un post bien écrit peut déclencher une vraie discussion. #python #web #linux @FoxyTheBigYT', NULL, '2026-04-14 23:33:35', '2026-04-18 04:33:35'),
(301, 30, 'Vous pensez quoi du prix des composants PC en ce moment ? @Marion60__mod', 'assets/posts/601471_1749431101.jpg', '2026-03-31 21:33:35', '2026-04-29 04:33:35'),
(302, 31, 'Les discussions de groupe sont beaucoup plus vivantes quand il y a des réactions rapides. #frontend @Marion60_Admin', NULL, '2026-03-27 16:33:35', '2026-05-01 22:33:35'),
(303, 30, 'Vous pensez quoi du prix des composants PC en ce moment ? @FoxyTheBigYT', 'assets/posts/728727_1700924829.jpg', '2026-05-02 21:33:35', '2026-03-25 19:33:35'),
(304, 34, 'Vous pensez quoi du prix des composants PC en ce moment ? #modération', 'assets/posts/227913_1231738007.jpg', '2026-04-25 15:33:35', '2026-03-31 12:33:35'),
(305, 9, 'J\'ai refait un peu l\'interface mobile, ça respire mieux. #dev', NULL, '2026-04-05 08:33:35', '2026-04-29 07:33:35'),
(306, 9, 'La base de données commence à être bien chargée, et c\'est plutôt bon signe. #python', NULL, '2026-04-20 19:33:35', '2026-04-08 16:33:35'),
(307, 28, 'Bon, la météo est nulle mais le code avance. #coding', NULL, '2026-04-17 11:33:35', '2026-03-27 11:33:35'),
(308, 27, 'Le débat sur l\'IA dans les métiers du dev devient intéressant. #IA #dev #modération @Malenia', NULL, '2026-04-15 19:33:35', '2026-04-25 03:33:35'),
(309, 8, 'Vous pensez quoi du prix des composants PC en ce moment ? #gaming', NULL, '2026-04-28 04:33:35', '2026-04-24 08:33:35'),
(310, 11, 'La base de données commence à être bien chargée, et c\'est plutôt bon signe. #tech #actu @SoraByte', NULL, '2026-04-30 22:33:35', '2026-04-04 12:33:35'),
(311, 24, 'Les hashtags aident toujours à faire ressortir les sujets chauds. @LunaStack', 'assets/posts/961165_1713764037.jpg', '2026-04-01 17:33:35', '2026-03-25 15:33:35'),
(312, 33, 'Les actualités tech changent vite, dur de tout suivre. #IA #web @Marion60__mod', NULL, '2026-05-03 03:33:35', '2026-04-06 03:33:35'),
(313, 11, 'Les actualités tech changent vite, dur de tout suivre. #mobile #gaming #modération @Marion60_Admin', NULL, '2026-04-08 04:33:35', '2026-04-06 02:33:35'),
(314, 30, 'Quelqu\'un a testé les nouveaux frameworks front ? @VantaFox', NULL, '2026-04-16 21:33:35', '2026-04-12 01:33:35'),
(315, 28, 'Je suis tombé sur une discussion sur la vie privée et les messages privés. #gaming #modération', NULL, '2026-04-16 12:33:35', '2026-03-20 21:33:35'),
(316, 34, 'Je viens de voir passer une actu sur les réseaux sociaux et la modération, c\'est un vrai sujet. #tech #actu @LunaStack', NULL, '2026-04-17 22:33:35', '2026-04-19 11:33:35'),
(317, 9, 'Les hashtags aident toujours à faire ressortir les sujets chauds.', 'assets/posts/510184_1389984853.jpg', '2026-04-08 08:33:35', '2026-03-21 17:33:35'),
(318, 33, 'Vous pensez quoi du prix des composants PC en ce moment ? #gaming #actu #modération', NULL, '2026-04-12 18:33:35', '2026-04-06 20:33:35'),
(319, 25, 'Les discussions de groupe sont beaucoup plus vivantes quand il y a des réactions rapides. #societe', 'assets/posts/275168_1436162767.jpg', '2026-03-31 06:33:35', '2026-03-23 09:33:35'),
(320, 31, 'Entre dev et actu, j\'alterne un peu selon l\'humeur. #ux @AstraNova', NULL, '2026-04-21 16:33:35', '2026-05-05 01:33:35'),
(321, 28, 'Je suis tombé sur une discussion sur la vie privée et les messages privés. #linux #actu #modération @L_Lawliet', NULL, '2026-04-23 13:33:35', '2026-04-29 14:33:35'),
(322, 34, 'Aujourd\'hui, gros taf sur les profils et les paramètres utilisateur. #web @Marion60__mod', NULL, '2026-05-03 07:33:36', '2026-04-21 10:33:36'),
(323, 35, 'Entre dev et actu, j\'alterne un peu selon l\'humeur. #web #sql #IA @MikaFlow', NULL, '2026-04-04 18:33:36', '2026-03-25 02:33:36'),
(324, 7, 'Le débat sur l\'IA dans les métiers du dev devient intéressant. #IA #dev @Malenia', NULL, '2026-03-29 13:33:36', '2026-04-16 14:33:36'),
(325, 33, 'J\'ai refait un peu l\'interface mobile, ça respire mieux.', NULL, '2026-05-04 00:33:36', '2026-03-21 19:33:36'),
(326, 32, 'Les actualités tech changent vite, dur de tout suivre. #tech', NULL, '2026-04-03 01:33:36', '2026-04-13 17:33:36'),
(327, 7, 'Le rythme des réactions fait vraiment vivre un réseau social. #actu @NeoMatiere', NULL, '2026-04-27 17:33:36', '2026-04-25 06:33:36'),
(328, 26, 'Le débat sur l\'IA dans les métiers du dev devient intéressant. #IA #dev', NULL, '2026-04-09 11:33:36', '2026-04-24 03:33:36'),
(329, 34, 'Bon, la météo est nulle mais le code avance. #coding @MikaFlow', NULL, '2026-04-06 10:33:36', '2026-03-24 19:33:36'),
(330, 35, 'Je suis tombé sur une discussion sur la vie privée et les messages privés. #sql #frontend #backend @FoxyTheBigYT', NULL, '2026-05-03 15:33:36', '2026-03-27 15:33:36'),
(331, 29, 'Le débat sur l\'IA dans les métiers du dev devient intéressant. #IA #dev #photo @Malenia', NULL, '2026-05-02 12:33:36', '2026-04-29 08:33:36'),
(332, 7, 'Bon, la météo est nulle mais le code avance. #coding', NULL, '2026-04-09 09:33:36', '2026-04-26 07:33:36'),
(333, 35, 'Je suis tombé sur une discussion sur la vie privée et les messages privés. #photo #gaming #linux', NULL, '2026-04-22 14:33:36', '2026-04-30 12:33:36'),
(334, 30, 'Il faut vraiment mieux gérer les notifications sinon les gens ratent tout. #modération', 'assets/posts/102705_1788047198.jpg', '2026-04-02 23:33:36', '2026-03-23 17:33:36'),
(335, 11, 'Les actualités tech changent vite, dur de tout suivre.', 'assets/posts/953940_1872113866.jpg', '2026-03-28 04:33:36', '2026-04-28 06:33:36'),
(336, 33, 'Le rythme des réactions fait vraiment vivre un réseau social.', 'assets/posts/805760_1523647392.jpg', '2026-04-04 20:33:36', '2026-03-31 12:33:36'),
(337, 30, 'Les hashtags aident toujours à faire ressortir les sujets chauds.', 'assets/posts/306555_1715709299.jpg', '2026-04-08 22:33:36', '2026-04-03 00:33:36'),
(338, 26, 'Aujourd\'hui, gros taf sur les profils et les paramètres utilisateur. #web #frontend @Malenia', NULL, '2026-04-15 01:33:36', '2026-04-02 14:33:36'),
(339, 32, 'Vous pensez quoi du prix des composants PC en ce moment ? #backend #gaming #IA', NULL, '2026-03-26 17:33:36', '2026-04-02 14:33:36'),
(340, 29, 'Je suis tombé sur une discussion sur la vie privée et les messages privés. #IA #web', NULL, '2026-04-08 15:33:36', '2026-04-09 14:33:36'),
(341, 33, 'Bon, la météo est nulle mais le code avance. #coding @SoraByte', NULL, '2026-03-22 04:33:36', '2026-03-29 00:33:36'),
(342, 11, 'Les actualités tech changent vite, dur de tout suivre.', NULL, '2026-03-31 20:33:36', '2026-04-01 04:33:36'),
(343, 7, 'Vous pensez quoi du prix des composants PC en ce moment ?', NULL, '2026-04-07 12:33:36', '2026-03-23 16:33:36'),
(344, 9, 'Les discussions de groupe sont beaucoup plus vivantes quand il y a des réactions rapides. #tech', 'assets/posts/349638_1428807882.jpg', '2026-04-02 00:33:36', '2026-05-02 17:33:36'),
(345, 30, 'Les hashtags aident toujours à faire ressortir les sujets chauds. @MikaFlow', NULL, '2026-03-24 13:33:36', '2026-04-25 14:33:36'),
(346, 8, 'Petit thread sur les erreurs que j\'ai faites en production. #backend', NULL, '2026-03-22 13:33:36', '2026-03-20 19:33:36'),
(347, 26, 'Bon, la météo est nulle mais le code avance. #coding #ux #sql #actu @LunaStack', NULL, '2026-04-20 14:33:36', '2026-04-20 01:33:36'),
(348, 26, 'Je suis tombé sur une discussion sur la vie privée et les messages privés. #web #python', NULL, '2026-04-26 17:33:36', '2026-04-23 20:33:36'),
(349, 27, 'Il faut vraiment mieux gérer les notifications sinon les gens ratent tout. #mobile #linux', NULL, '2026-04-10 07:33:36', '2026-03-24 18:33:36'),
(350, 7, 'Les actualités tech changent vite, dur de tout suivre. #web #ux', NULL, '2026-04-21 10:33:36', '2026-04-10 12:33:36'),
(351, 9, 'Je suis tombé sur une discussion sur la vie privée et les messages privés. #gaming @VantaFox', NULL, '2026-05-02 13:33:36', '2026-04-05 22:33:36'),
(352, 32, 'Je suis tombé sur une discussion sur la vie privée et les messages privés.', NULL, '2026-05-04 16:33:36', '2026-04-23 10:33:36'),
(353, 31, 'Il faut vraiment mieux gérer les notifications sinon les gens ratent tout. #actu', NULL, '2026-04-06 02:33:36', '2026-04-25 21:33:36'),
(354, 27, 'La base de données commence à être bien chargée, et c\'est plutôt bon signe. #photo @LunaStack', 'assets/posts/874046_1338477742.jpg', '2026-04-26 09:33:36', '2026-04-17 14:33:36'),
(355, 35, 'Les actualités tech changent vite, dur de tout suivre. #dev #IA #societe', NULL, '2026-04-17 10:33:36', '2026-04-19 22:33:36'),
(356, 33, 'Entre dev et actu, j\'alterne un peu selon l\'humeur.', NULL, '2026-04-15 14:33:36', '2026-04-15 05:33:36'),
(357, 26, 'Un post bien écrit peut déclencher une vraie discussion. #frontend #backend #sql', NULL, '2026-04-15 20:33:36', '2026-04-27 12:33:36'),
(358, 33, 'Quelqu\'un a testé les nouveaux frameworks front ? #modération @MikaFlow', NULL, '2026-03-26 16:33:36', '2026-04-23 11:33:36'),
(359, 33, 'Le rythme des réactions fait vraiment vivre un réseau social. #actu', NULL, '2026-04-18 18:33:36', '2026-04-26 06:33:36'),
(360, 28, 'Je suis tombé sur une discussion sur la vie privée et les messages privés. #python #backend #ux', 'assets/posts/416927_1234524536.jpg', '2026-03-27 15:33:36', '2026-03-21 12:33:36'),
(361, 24, 'Je viens de voir passer une actu sur les réseaux sociaux et la modération, c\'est un vrai sujet.', NULL, '2026-04-29 15:33:36', '2026-04-14 00:33:36'),
(362, 24, 'Je suis tombé sur une discussion sur la vie privée et les messages privés. #mobile #modération #frontend', NULL, '2026-03-20 23:33:36', '2026-03-30 01:33:36'),
(363, 27, 'On devrait peut-être ajouter un tri par popularité pour les posts du jour. #societe @LunaStack', NULL, '2026-04-29 21:33:36', '2026-03-22 09:33:36'),
(364, 24, 'Le débat sur l\'IA dans les métiers du dev devient intéressant. #IA #dev #sql #backend #dev @Marion60_Admin', NULL, '2026-04-09 17:33:36', '2026-04-27 00:33:36'),
(365, 27, 'Le débat sur l\'IA dans les métiers du dev devient intéressant. #IA #dev', NULL, '2026-05-04 19:33:36', '2026-03-26 18:33:36'),
(366, 34, 'Petit thread sur les erreurs que j\'ai faites en production. #backend', NULL, '2026-05-04 01:33:36', '2026-04-29 03:33:36'),
(367, 35, 'Le rythme des réactions fait vraiment vivre un réseau social. #web #tech', NULL, '2026-04-10 10:33:36', '2026-03-22 18:33:36'),
(368, 7, 'Il faut vraiment mieux gérer les notifications sinon les gens ratent tout. @KairoLink', NULL, '2026-04-25 23:33:36', '2026-03-27 02:33:36'),
(369, 26, 'Aujourd\'hui, gros taf sur les profils et les paramètres utilisateur. #web #backend #ux #dev @PixelRaven', NULL, '2026-04-18 19:33:36', '2026-04-16 10:33:36'),
(370, 25, 'Le débat sur l\'IA dans les métiers du dev devient intéressant. #IA #dev #actu #mobile #photo @FoxyTheBigYT', NULL, '2026-03-30 08:33:36', '2026-05-04 02:33:36'),
(371, 7, 'On devrait peut-être ajouter un tri par popularité pour les posts du jour. @L_Lawliet', NULL, '2026-03-24 08:33:36', '2026-04-13 01:33:36'),
(372, 27, 'J\'ai refait un peu l\'interface mobile, ça respire mieux. #IA', NULL, '2026-04-16 15:33:36', '2026-04-10 19:33:36'),
(373, 34, 'Vous pensez quoi du prix des composants PC en ce moment ? @FoxyTheBigYT', NULL, '2026-04-22 06:33:36', '2026-03-30 08:33:36'),
(374, 25, 'Entre dev et actu, j\'alterne un peu selon l\'humeur.', NULL, '2026-03-26 01:33:36', '2026-03-24 22:33:36'),
(375, 31, 'Je suis tombé sur une discussion sur la vie privée et les messages privés. #actu #web #tech', NULL, '2026-05-03 15:33:36', '2026-04-24 18:33:36'),
(376, 33, 'Quelqu\'un a testé les nouveaux frameworks front ? #backend #web #tech', 'assets/posts/841879_1652242024.jpg', '2026-04-05 15:33:36', '2026-04-24 18:33:36'),
(377, 26, 'Les actualités tech changent vite, dur de tout suivre. #python', NULL, '2026-04-29 03:33:36', '2026-03-29 05:33:36'),
(378, 30, 'Bon, la météo est nulle mais le code avance. #coding #IA #frontend #societe', NULL, '2026-04-17 08:33:36', '2026-04-16 01:33:36'),
(379, 33, 'La base de données commence à être bien chargée, et c\'est plutôt bon signe. #modération', NULL, '2026-04-12 04:33:36', '2026-04-12 10:33:36'),
(380, 24, 'Les discussions de groupe sont beaucoup plus vivantes quand il y a des réactions rapides. #mobile #linux #web @MikaFlow', NULL, '2026-04-21 16:33:36', '2026-04-01 21:33:36'),
(381, 9, 'Vous pensez quoi du prix des composants PC en ce moment ? #web #ux @MikaFlow', NULL, '2026-04-09 05:33:36', '2026-04-12 20:33:36'),
(382, 24, 'Quelqu\'un a testé les nouveaux frameworks front ? #photo #python #tech @KairoLink', NULL, '2026-03-27 03:33:36', '2026-03-29 05:33:36'),
(383, 8, 'Bon, la météo est nulle mais le code avance. #coding #dev #linux #modération', 'assets/posts/736333_1273930503.jpg', '2026-03-27 16:33:36', '2026-04-03 18:33:36'),
(384, 8, 'Je viens de voir passer une actu sur les réseaux sociaux et la modération, c\'est un vrai sujet.', 'assets/posts/607802_1006782821.jpg', '2026-03-21 08:33:36', '2026-04-16 22:33:36'),
(385, 34, 'Les discussions de groupe sont beaucoup plus vivantes quand il y a des réactions rapides. #sql', 'assets/posts/851003_1132292634.jpg', '2026-04-21 06:33:36', '2026-04-03 15:33:36'),
(386, 34, 'La base de données commence à être bien chargée, et c\'est plutôt bon signe. #actu @LunaStack', NULL, '2026-05-03 10:33:36', '2026-03-20 10:33:36'),
(387, 35, 'Les actualités tech changent vite, dur de tout suivre. #backend #tech', NULL, '2026-04-27 05:33:36', '2026-04-02 03:33:36'),
(388, 34, 'Je suis tombé sur une discussion sur la vie privée et les messages privés. #python #ux @VantaFox', NULL, '2026-05-05 03:33:36', '2026-05-02 22:33:36'),
(389, 7, 'Je suis tombé sur une discussion sur la vie privée et les messages privés. #linux #frontend', NULL, '2026-03-22 19:33:36', '2026-03-28 21:33:36'),
(390, 32, 'Quelqu\'un a testé les nouveaux frameworks front ? #linux @L_Lawliet', 'assets/posts/418421_1085103469.jpg', '2026-04-30 19:33:36', '2026-04-27 01:33:36'),
(391, 27, 'Le rythme des réactions fait vraiment vivre un réseau social. #ux @SoraByte', NULL, '2026-03-20 23:33:36', '2026-03-20 13:33:36'),
(392, 11, 'Les actualités tech changent vite, dur de tout suivre. #gaming', NULL, '2026-04-04 15:33:36', '2026-04-23 19:33:36'),
(393, 30, 'Vous pensez quoi du prix des composants PC en ce moment ? @LunaStack', NULL, '2026-04-22 00:33:36', '2026-03-28 23:33:36'),
(394, 11, 'Je suis tombé sur une discussion sur la vie privée et les messages privés.', NULL, '2026-04-16 19:33:36', '2026-05-04 02:33:36'),
(395, 29, 'Les discussions de groupe sont beaucoup plus vivantes quand il y a des réactions rapides. #modération #backend', 'assets/posts/814776_1942828136.jpg', '2026-05-01 15:33:36', '2026-05-04 22:33:36'),
(396, 24, 'Je viens de voir passer une actu sur les réseaux sociaux et la modération, c\'est un vrai sujet. #sql', NULL, '2026-04-09 23:33:36', '2026-04-10 15:33:36'),
(397, 31, 'Quelqu\'un a testé les nouveaux frameworks front ?', NULL, '2026-03-25 18:33:36', '2026-04-26 04:33:36'),
(398, 9, 'Entre dev et actu, j\'alterne un peu selon l\'humeur. #IA #societe', 'assets/posts/172883_1482377254.jpg', '2026-03-22 13:33:36', '2026-03-25 01:33:36'),
(399, 25, 'Quelqu\'un a testé les nouveaux frameworks front ? #IA #societe #tech @Marion60_Admin', NULL, '2026-05-02 19:33:36', '2026-05-04 22:33:36'),
(400, 24, 'On devrait peut-être ajouter un tri par popularité pour les posts du jour. @LunaStack', NULL, '2026-03-30 07:33:36', '2026-04-20 10:33:36'),
(401, 35, 'Les actualités tech changent vite, dur de tout suivre. @LunaStack', NULL, '2026-04-11 19:33:36', '2026-04-01 00:33:36'),
(402, 31, 'Je suis tombé sur une discussion sur la vie privée et les messages privés. #python #photo #sql', NULL, '2026-04-01 02:33:36', '2026-04-09 10:33:36'),
(403, 8, 'Le rythme des réactions fait vraiment vivre un réseau social.', NULL, '2026-04-13 11:33:36', '2026-04-10 08:33:36'),
(404, 30, 'Petit thread sur les erreurs que j\'ai faites en production. #backend @PixelRaven', NULL, '2026-04-08 08:33:36', '2026-04-24 11:33:36'),
(405, 35, 'J\'ai refait un peu l\'interface mobile, ça respire mieux. #web #ux', NULL, '2026-04-07 21:33:36', '2026-05-05 02:33:36'),
(406, 7, 'Les hashtags aident toujours à faire ressortir les sujets chauds. #sql', 'assets/posts/178363_1409057305.jpg', '2026-04-19 11:33:36', '2026-03-30 12:33:36'),
(407, 32, 'Les hashtags aident toujours à faire ressortir les sujets chauds. #ux #sql #mobile', NULL, '2026-04-13 14:33:36', '2026-04-07 00:33:36'),
(408, 9, 'Les actualités tech changent vite, dur de tout suivre. #gaming #python #linux @KairoLink', 'assets/posts/383793_1647362298.jpg', '2026-03-30 16:33:36', '2026-05-01 15:33:36'),
(409, 9, 'Il faut vraiment mieux gérer les notifications sinon les gens ratent tout. #python #backend #mobile', NULL, '2026-04-02 09:33:36', '2026-04-30 13:33:36'),
(410, 28, 'Les discussions de groupe sont beaucoup plus vivantes quand il y a des réactions rapides. #ux #sql #frontend', NULL, '2026-04-19 00:33:36', '2026-03-29 22:33:36'),
(411, 25, 'Les discussions de groupe sont beaucoup plus vivantes quand il y a des réactions rapides. #societe #sql #photo', NULL, '2026-04-17 14:33:36', '2026-03-26 21:33:36'),
(412, 7, 'On devrait peut-être ajouter un tri par popularité pour les posts du jour. #backend @MikaFlow', NULL, '2026-04-23 02:33:36', '2026-04-07 09:33:36'),
(413, 8, 'Le débat sur l\'IA dans les métiers du dev devient intéressant. #IA #dev', NULL, '2026-03-20 18:33:36', '2026-05-01 22:33:36'),
(414, 11, 'Les hashtags aident toujours à faire ressortir les sujets chauds.', NULL, '2026-04-03 10:33:36', '2026-04-07 10:33:36'),
(415, 7, 'Je viens de voir passer une actu sur les réseaux sociaux et la modération, c\'est un vrai sujet. #dev #linux #actu', NULL, '2026-04-01 16:33:36', '2026-04-08 05:33:36'),
(416, 8, 'On devrait peut-être ajouter un tri par popularité pour les posts du jour.', NULL, '2026-04-24 19:33:36', '2026-04-10 06:33:36'),
(417, 11, 'On devrait peut-être ajouter un tri par popularité pour les posts du jour. #web', NULL, '2026-03-22 18:33:36', '2026-04-07 10:33:36'),
(418, 33, 'Le débat sur l\'IA dans les métiers du dev devient intéressant. #IA #dev #frontend #mobile @Malenia', NULL, '2026-05-02 18:33:36', '2026-03-23 02:33:36'),
(419, 26, 'Le débat sur l\'IA dans les métiers du dev devient intéressant. #IA #dev #dev #python', NULL, '2026-04-21 02:33:36', '2026-04-08 05:33:36'),
(420, 9, 'wtf @FoxyTheBigYT', NULL, '2026-05-05 03:36:49', '2026-05-05 03:36:49');

-- --------------------------------------------------------

--
-- Structure de la table `post_mentions`
--

DROP TABLE IF EXISTS `post_mentions`;
CREATE TABLE IF NOT EXISTS `post_mentions` (
  `id` int NOT NULL AUTO_INCREMENT,
  `post_id` int NOT NULL,
  `mentioned_user_id` int NOT NULL,
  `mention_position` int DEFAULT NULL,
  `created_at` timestamp NULL DEFAULT CURRENT_TIMESTAMP,
  PRIMARY KEY (`id`),
  UNIQUE KEY `unique_mention` (`post_id`,`mentioned_user_id`),
  KEY `mentioned_user_id` (`mentioned_user_id`)
) ENGINE=InnoDB AUTO_INCREMENT=243 DEFAULT CHARSET=utf8mb4 COLLATE=utf8mb4_unicode_ci;

--
-- Déchargement des données de la table `post_mentions`
--

INSERT INTO `post_mentions` (`id`, `post_id`, `mentioned_user_id`, `mention_position`, `created_at`) VALUES
(13, 30, 14, 85, '2026-05-05 03:30:29'),
(14, 31, 17, 78, '2026-05-05 03:30:29'),
(15, 31, 7, 85, '2026-05-05 03:30:29'),
(16, 36, 7, 10, '2026-05-05 03:30:29'),
(17, 44, 17, 56, '2026-05-05 03:30:29'),
(18, 45, 18, 41, '2026-05-05 03:30:29'),
(19, 47, 7, 92, '2026-05-05 03:30:29'),
(20, 52, 11, 57, '2026-05-05 03:30:29'),
(21, 55, 17, 117, '2026-05-05 03:30:29'),
(22, 55, 18, 44, '2026-05-05 03:30:29'),
(23, 56, 11, 44, '2026-05-05 03:30:29'),
(24, 56, 21, 14, '2026-05-05 03:30:29'),
(25, 57, 19, 93, '2026-05-05 03:30:29'),
(26, 59, 9, 39, '2026-05-05 03:30:29'),
(27, 59, 20, 82, '2026-05-05 03:30:29'),
(28, 61, 15, 49, '2026-05-05 03:30:29'),
(29, 65, 22, 27, '2026-05-05 03:30:29'),
(30, 66, 23, 67, '2026-05-05 03:30:29'),
(31, 66, 21, 98, '2026-05-05 03:30:29'),
(32, 67, 9, 32, '2026-05-05 03:30:29'),
(33, 68, 16, 83, '2026-05-05 03:30:29'),
(34, 68, 14, 98, '2026-05-05 03:30:29'),
(35, 70, 14, 46, '2026-05-05 03:30:29'),
(36, 70, 17, 9, '2026-05-05 03:30:29'),
(37, 73, 17, 112, '2026-05-05 03:30:29'),
(38, 73, 8, 1, '2026-05-05 03:30:29'),
(39, 81, 7, 64, '2026-05-05 03:30:29'),
(40, 83, 7, 81, '2026-05-05 03:30:29'),
(41, 85, 21, 38, '2026-05-05 03:30:30'),
(42, 90, 19, 110, '2026-05-05 03:30:30'),
(43, 91, 8, 35, '2026-05-05 03:30:30'),
(44, 93, 22, 1, '2026-05-05 03:30:30'),
(45, 93, 7, 89, '2026-05-05 03:30:30'),
(46, 95, 9, 63, '2026-05-05 03:30:30'),
(47, 95, 22, 65, '2026-05-05 03:30:30'),
(48, 102, 13, 81, '2026-05-05 03:30:30'),
(49, 108, 19, 71, '2026-05-05 03:30:30'),
(50, 108, 17, 38, '2026-05-05 03:30:30'),
(51, 109, 12, 94, '2026-05-05 03:30:30'),
(52, 114, 15, 61, '2026-05-05 03:30:30'),
(53, 114, 19, 84, '2026-05-05 03:30:30'),
(54, 115, 22, 11, '2026-05-05 03:30:30'),
(55, 115, 23, 57, '2026-05-05 03:30:30'),
(56, 116, 7, 67, '2026-05-05 03:30:30'),
(57, 117, 21, 86, '2026-05-05 03:30:30'),
(58, 117, 17, 112, '2026-05-05 03:30:30'),
(59, 201, 9, 8, '2026-05-05 03:33:35'),
(60, 201, 11, 54, '2026-05-05 03:33:35'),
(61, 203, 30, 29, '2026-05-05 03:33:35'),
(62, 203, 29, 28, '2026-05-05 03:33:35'),
(64, 204, 24, 141, '2026-05-05 03:33:35'),
(65, 204, 25, 66, '2026-05-05 03:33:35'),
(66, 204, 7, 59, '2026-05-05 03:33:35'),
(67, 206, 34, 81, '2026-05-05 03:33:35'),
(68, 206, 11, 66, '2026-05-05 03:33:35'),
(69, 206, 29, 19, '2026-05-05 03:33:35'),
(70, 209, 8, 60, '2026-05-05 03:33:35'),
(71, 210, 33, 133, '2026-05-05 03:33:35'),
(72, 212, 29, 90, '2026-05-05 03:33:35'),
(73, 212, 34, 124, '2026-05-05 03:33:35'),
(74, 213, 27, 118, '2026-05-05 03:33:35'),
(75, 218, 32, 82, '2026-05-05 03:33:35'),
(76, 218, 24, 59, '2026-05-05 03:33:35'),
(77, 218, 25, 98, '2026-05-05 03:33:35'),
(78, 221, 33, 77, '2026-05-05 03:33:35'),
(79, 222, 25, 71, '2026-05-05 03:33:35'),
(80, 222, 29, 121, '2026-05-05 03:33:35'),
(81, 222, 33, 59, '2026-05-05 03:33:35'),
(82, 226, 35, 45, '2026-05-05 03:33:35'),
(83, 226, 29, 46, '2026-05-05 03:33:35'),
(84, 226, 7, 149, '2026-05-05 03:33:35'),
(85, 227, 26, 35, '2026-05-05 03:33:35'),
(86, 230, 24, 113, '2026-05-05 03:33:35'),
(87, 231, 30, 73, '2026-05-05 03:33:35'),
(88, 231, 25, 138, '2026-05-05 03:33:35'),
(89, 231, 32, 112, '2026-05-05 03:33:35'),
(90, 232, 34, 99, '2026-05-05 03:33:35'),
(91, 232, 32, 21, '2026-05-05 03:33:35'),
(92, 233, 25, 57, '2026-05-05 03:33:35'),
(93, 238, 27, 95, '2026-05-05 03:33:35'),
(94, 238, 35, 130, '2026-05-05 03:33:35'),
(95, 239, 27, 146, '2026-05-05 03:33:35'),
(96, 240, 26, 19, '2026-05-05 03:33:35'),
(97, 240, 31, 126, '2026-05-05 03:33:35'),
(98, 244, 32, 23, '2026-05-05 03:33:35'),
(99, 245, 24, 76, '2026-05-05 03:33:35'),
(100, 245, 11, 147, '2026-05-05 03:33:35'),
(101, 245, 28, 100, '2026-05-05 03:33:35'),
(102, 247, 27, 3, '2026-05-05 03:33:35'),
(103, 247, 30, 89, '2026-05-05 03:33:35'),
(104, 247, 26, 91, '2026-05-05 03:33:35'),
(105, 248, 27, 88, '2026-05-05 03:33:35'),
(106, 248, 9, 32, '2026-05-05 03:33:35'),
(107, 248, 28, 112, '2026-05-05 03:33:35'),
(108, 249, 32, 98, '2026-05-05 03:33:35'),
(109, 249, 9, 102, '2026-05-05 03:33:35'),
(110, 249, 29, 24, '2026-05-05 03:33:35'),
(111, 250, 33, 63, '2026-05-05 03:33:35'),
(112, 251, 29, 16, '2026-05-05 03:33:35'),
(113, 254, 24, 16, '2026-05-05 03:33:35'),
(114, 254, 8, 69, '2026-05-05 03:33:35'),
(115, 256, 24, 88, '2026-05-05 03:33:35'),
(116, 256, 29, 131, '2026-05-05 03:33:35'),
(117, 256, 25, 111, '2026-05-05 03:33:35'),
(118, 258, 26, 89, '2026-05-05 03:33:35'),
(119, 259, 32, 147, '2026-05-05 03:33:35'),
(120, 265, 35, 138, '2026-05-05 03:33:35'),
(121, 265, 8, 33, '2026-05-05 03:33:35'),
(122, 266, 26, 97, '2026-05-05 03:33:35'),
(123, 266, 11, 147, '2026-05-05 03:33:35'),
(125, 268, 32, 26, '2026-05-05 03:33:35'),
(127, 278, 33, 93, '2026-05-05 03:33:35'),
(128, 279, 29, 31, '2026-05-05 03:33:35'),
(129, 280, 31, 80, '2026-05-05 03:33:35'),
(130, 281, 26, 142, '2026-05-05 03:33:35'),
(131, 281, 11, 40, '2026-05-05 03:33:35'),
(132, 281, 34, 23, '2026-05-05 03:33:35'),
(133, 284, 25, 62, '2026-05-05 03:33:35'),
(134, 284, 27, 92, '2026-05-05 03:33:35'),
(136, 287, 33, 61, '2026-05-05 03:33:35'),
(137, 290, 26, 81, '2026-05-05 03:33:35'),
(138, 292, 28, 55, '2026-05-05 03:33:35'),
(139, 292, 32, 147, '2026-05-05 03:33:35'),
(140, 292, 27, 148, '2026-05-05 03:33:35'),
(141, 295, 30, 70, '2026-05-05 03:33:35'),
(142, 295, 8, 82, '2026-05-05 03:33:35'),
(143, 301, 9, 68, '2026-05-05 03:33:35'),
(144, 301, 8, 13, '2026-05-05 03:33:35'),
(145, 312, 7, 150, '2026-05-05 03:33:35'),
(146, 312, 8, 47, '2026-05-05 03:33:35'),
(147, 312, 33, 28, '2026-05-05 03:33:35'),
(148, 315, 26, 35, '2026-05-05 03:33:35'),
(149, 318, 24, 55, '2026-05-05 03:33:35'),
(150, 318, 35, 41, '2026-05-05 03:33:35'),
(151, 319, 33, 134, '2026-05-05 03:33:35'),
(154, 322, 26, 141, '2026-05-05 03:33:36'),
(155, 322, 31, 139, '2026-05-05 03:33:36'),
(156, 322, 28, 60, '2026-05-05 03:33:36'),
(157, 323, 28, 124, '2026-05-05 03:33:36'),
(158, 323, 9, 20, '2026-05-05 03:33:36'),
(159, 323, 30, 111, '2026-05-05 03:33:36'),
(160, 325, 35, 63, '2026-05-05 03:33:36'),
(161, 327, 11, 21, '2026-05-05 03:33:36'),
(162, 327, 30, 28, '2026-05-05 03:33:36'),
(163, 328, 35, 13, '2026-05-05 03:33:36'),
(164, 328, 33, 133, '2026-05-05 03:33:36'),
(165, 333, 32, 13, '2026-05-05 03:33:36'),
(166, 333, 26, 1, '2026-05-05 03:33:36'),
(167, 338, 31, 145, '2026-05-05 03:33:36'),
(168, 338, 30, 73, '2026-05-05 03:33:36'),
(169, 338, 7, 41, '2026-05-05 03:33:36'),
(170, 340, 7, 14, '2026-05-05 03:33:36'),
(171, 340, 31, 118, '2026-05-05 03:33:36'),
(172, 341, 27, 10, '2026-05-05 03:33:36'),
(173, 342, 26, 52, '2026-05-05 03:33:36'),
(174, 342, 9, 105, '2026-05-05 03:33:36'),
(175, 345, 8, 91, '2026-05-05 03:33:36'),
(176, 345, 28, 66, '2026-05-05 03:33:36'),
(177, 345, 27, 44, '2026-05-05 03:33:36'),
(178, 347, 25, 78, '2026-05-05 03:33:36'),
(179, 347, 33, 140, '2026-05-05 03:33:36'),
(180, 350, 7, 11, '2026-05-05 03:33:36'),
(181, 350, 9, 81, '2026-05-05 03:33:36'),
(182, 350, 35, 33, '2026-05-05 03:33:36'),
(183, 354, 28, 27, '2026-05-05 03:33:36'),
(184, 354, 9, 91, '2026-05-05 03:33:36'),
(185, 354, 33, 115, '2026-05-05 03:33:36'),
(186, 357, 31, 6, '2026-05-05 03:33:36'),
(187, 358, 29, 98, '2026-05-05 03:33:36'),
(188, 358, 31, 124, '2026-05-05 03:33:36'),
(189, 359, 33, 79, '2026-05-05 03:33:36'),
(190, 361, 29, 44, '2026-05-05 03:33:36'),
(191, 361, 11, 6, '2026-05-05 03:33:36'),
(192, 362, 11, 99, '2026-05-05 03:33:36'),
(193, 362, 34, 93, '2026-05-05 03:33:36'),
(194, 364, 32, 44, '2026-05-05 03:33:36'),
(195, 369, 8, 28, '2026-05-05 03:33:36'),
(196, 371, 31, 0, '2026-05-05 03:33:36'),
(197, 372, 24, 130, '2026-05-05 03:33:36'),
(198, 372, 32, 105, '2026-05-05 03:33:36'),
(199, 373, 34, 111, '2026-05-05 03:33:36'),
(200, 374, 33, 33, '2026-05-05 03:33:36'),
(201, 374, 24, 108, '2026-05-05 03:33:36'),
(202, 375, 33, 16, '2026-05-05 03:33:36'),
(203, 376, 32, 120, '2026-05-05 03:33:36'),
(204, 379, 32, 90, '2026-05-05 03:33:36'),
(205, 379, 26, 120, '2026-05-05 03:33:36'),
(206, 380, 8, 88, '2026-05-05 03:33:36'),
(207, 383, 33, 63, '2026-05-05 03:33:36'),
(208, 383, 32, 79, '2026-05-05 03:33:36'),
(209, 383, 11, 65, '2026-05-05 03:33:36'),
(210, 384, 9, 10, '2026-05-05 03:33:36'),
(211, 384, 24, 3, '2026-05-05 03:33:36'),
(212, 384, 11, 45, '2026-05-05 03:33:36'),
(213, 386, 24, 1, '2026-05-05 03:33:36'),
(214, 386, 11, 69, '2026-05-05 03:33:36'),
(215, 388, 34, 37, '2026-05-05 03:33:36'),
(216, 388, 32, 46, '2026-05-05 03:33:36'),
(217, 392, 33, 6, '2026-05-05 03:33:36'),
(218, 392, 30, 101, '2026-05-05 03:33:36'),
(219, 397, 8, 88, '2026-05-05 03:33:36'),
(222, 399, 27, 75, '2026-05-05 03:33:36'),
(223, 400, 30, 102, '2026-05-05 03:33:36'),
(224, 400, 31, 148, '2026-05-05 03:33:36'),
(225, 401, 27, 63, '2026-05-05 03:33:36'),
(226, 401, 34, 49, '2026-05-05 03:33:36'),
(227, 405, 28, 147, '2026-05-05 03:33:36'),
(228, 405, 35, 144, '2026-05-05 03:33:36'),
(229, 406, 11, 68, '2026-05-05 03:33:36'),
(230, 406, 8, 54, '2026-05-05 03:33:36'),
(231, 410, 8, 1, '2026-05-05 03:33:36'),
(232, 411, 31, 77, '2026-05-05 03:33:36'),
(233, 411, 25, 60, '2026-05-05 03:33:36'),
(234, 411, 28, 59, '2026-05-05 03:33:36'),
(235, 413, 28, 65, '2026-05-05 03:33:36'),
(236, 413, 26, 149, '2026-05-05 03:33:36'),
(237, 413, 35, 60, '2026-05-05 03:33:36'),
(238, 414, 33, 61, '2026-05-05 03:33:36'),
(239, 416, 34, 0, '2026-05-05 03:33:36'),
(240, 416, 26, 137, '2026-05-05 03:33:36'),
(241, 416, 25, 14, '2026-05-05 03:33:36'),
(242, 420, 7, 4, '2026-05-05 03:36:49');

-- --------------------------------------------------------

--
-- Structure de la table `reactions`
--

DROP TABLE IF EXISTS `reactions`;
CREATE TABLE IF NOT EXISTS `reactions` (
  `id` int NOT NULL AUTO_INCREMENT,
  `post_id` int NOT NULL,
  `user_id` int NOT NULL,
  `reaction_type` enum('like','dislike') CHARACTER SET utf8mb4 COLLATE utf8mb4_unicode_ci NOT NULL,
  `created_at` timestamp NULL DEFAULT CURRENT_TIMESTAMP,
  PRIMARY KEY (`id`),
  UNIQUE KEY `unique_reaction` (`post_id`,`user_id`,`reaction_type`),
  KEY `user_id` (`user_id`)
) ENGINE=InnoDB AUTO_INCREMENT=1445 DEFAULT CHARSET=utf8mb4 COLLATE=utf8mb4_unicode_ci;

--
-- Déchargement des données de la table `reactions`
--

INSERT INTO `reactions` (`id`, `post_id`, `user_id`, `reaction_type`, `created_at`) VALUES
(30, 28, 7, 'like', '2026-05-05 02:51:42'),
(31, 29, 18, 'dislike', '2026-04-21 13:30:29'),
(32, 29, 13, 'like', '2026-04-14 07:30:29'),
(33, 29, 9, 'like', '2026-05-03 15:30:29'),
(34, 29, 22, 'dislike', '2026-05-01 20:30:29'),
(35, 29, 11, 'like', '2026-04-28 10:30:29'),
(36, 29, 17, 'dislike', '2026-04-30 14:30:29'),
(37, 30, 8, 'dislike', '2026-04-30 21:30:29'),
(38, 30, 23, 'dislike', '2026-04-29 02:30:29'),
(39, 30, 9, 'like', '2026-04-25 02:30:29'),
(40, 30, 7, 'like', '2026-04-16 12:30:29'),
(41, 31, 14, 'like', '2026-04-18 19:30:29'),
(42, 32, 18, 'dislike', '2026-04-18 12:30:29'),
(43, 32, 23, 'dislike', '2026-05-04 01:30:29'),
(44, 32, 17, 'dislike', '2026-04-27 02:30:29'),
(45, 32, 15, 'like', '2026-04-24 23:30:29'),
(46, 33, 15, 'like', '2026-04-19 20:30:29'),
(47, 33, 18, 'like', '2026-04-20 16:30:29'),
(48, 34, 8, 'dislike', '2026-04-24 14:30:29'),
(49, 35, 12, 'dislike', '2026-04-20 13:30:29'),
(50, 35, 16, 'like', '2026-04-18 12:30:29'),
(51, 35, 9, 'like', '2026-05-02 18:30:29'),
(52, 35, 15, 'dislike', '2026-05-02 20:30:29'),
(53, 35, 18, 'dislike', '2026-04-27 21:30:29'),
(54, 35, 21, 'like', '2026-05-05 02:30:29'),
(55, 35, 22, 'like', '2026-04-19 08:30:29'),
(56, 35, 17, 'like', '2026-04-20 14:30:29'),
(57, 36, 11, 'dislike', '2026-04-24 17:30:29'),
(58, 36, 22, 'like', '2026-04-30 23:30:29'),
(59, 36, 15, 'like', '2026-04-22 05:30:29'),
(60, 36, 16, 'like', '2026-04-29 01:30:29'),
(61, 36, 19, 'dislike', '2026-04-21 17:30:29'),
(62, 36, 13, 'dislike', '2026-04-22 02:30:29'),
(63, 36, 7, 'like', '2026-04-21 15:30:29'),
(64, 36, 8, 'like', '2026-04-16 15:30:29'),
(65, 37, 8, 'dislike', '2026-05-04 04:30:29'),
(66, 37, 16, 'like', '2026-04-23 20:30:29'),
(67, 37, 11, 'like', '2026-04-15 02:30:29'),
(68, 37, 13, 'like', '2026-04-27 21:30:29'),
(69, 38, 17, 'dislike', '2026-05-01 09:30:29'),
(70, 39, 21, 'like', '2026-04-17 02:30:29'),
(71, 40, 20, 'dislike', '2026-04-27 13:30:29'),
(72, 40, 17, 'dislike', '2026-04-25 03:30:29'),
(73, 40, 8, 'dislike', '2026-04-24 22:30:29'),
(74, 40, 15, 'dislike', '2026-04-28 16:30:29'),
(75, 40, 13, 'dislike', '2026-04-24 19:30:29'),
(76, 40, 16, 'dislike', '2026-04-18 03:30:29'),
(77, 41, 18, 'dislike', '2026-04-26 04:30:29'),
(78, 41, 15, 'dislike', '2026-05-01 21:30:29'),
(79, 43, 18, 'like', '2026-04-26 06:30:29'),
(80, 44, 20, 'like', '2026-04-22 00:30:29'),
(81, 44, 7, 'like', '2026-04-14 23:30:29'),
(82, 44, 9, 'dislike', '2026-05-01 01:30:29'),
(83, 45, 12, 'like', '2026-04-26 09:30:29'),
(84, 45, 13, 'like', '2026-04-29 12:30:29'),
(85, 45, 15, 'dislike', '2026-04-26 22:30:29'),
(86, 45, 22, 'dislike', '2026-04-14 12:30:29'),
(87, 46, 14, 'like', '2026-04-17 13:30:29'),
(88, 46, 17, 'dislike', '2026-05-03 21:30:29'),
(89, 46, 16, 'dislike', '2026-04-15 12:30:29'),
(90, 46, 9, 'dislike', '2026-05-03 21:30:29'),
(91, 46, 13, 'dislike', '2026-04-17 23:30:29'),
(92, 46, 18, 'dislike', '2026-04-20 05:30:29'),
(93, 46, 20, 'dislike', '2026-05-02 03:30:29'),
(94, 47, 9, 'dislike', '2026-04-27 14:30:29'),
(95, 47, 11, 'like', '2026-04-24 04:30:29'),
(96, 47, 17, 'dislike', '2026-04-22 15:30:29'),
(97, 47, 15, 'like', '2026-04-20 02:30:29'),
(98, 47, 23, 'like', '2026-04-18 09:30:29'),
(99, 47, 7, 'dislike', '2026-05-01 13:30:29'),
(100, 48, 7, 'like', '2026-04-14 06:30:29'),
(101, 48, 17, 'dislike', '2026-04-27 04:30:29'),
(102, 48, 22, 'like', '2026-04-22 00:30:29'),
(103, 48, 23, 'like', '2026-04-20 22:30:29'),
(104, 48, 19, 'dislike', '2026-05-05 02:30:29'),
(105, 48, 20, 'dislike', '2026-05-03 18:30:29'),
(106, 48, 12, 'dislike', '2026-04-23 14:30:29'),
(107, 48, 13, 'like', '2026-04-27 11:30:29'),
(108, 49, 11, 'dislike', '2026-04-26 03:30:29'),
(109, 49, 13, 'dislike', '2026-04-27 03:30:29'),
(110, 49, 15, 'like', '2026-04-15 04:30:29'),
(111, 49, 18, 'dislike', '2026-04-25 20:30:29'),
(112, 49, 21, 'dislike', '2026-04-27 07:30:29'),
(113, 49, 17, 'like', '2026-04-15 19:30:29'),
(114, 50, 9, 'dislike', '2026-04-26 09:30:29'),
(115, 51, 11, 'dislike', '2026-04-27 02:30:29'),
(116, 54, 20, 'dislike', '2026-04-22 08:30:29'),
(117, 54, 21, 'dislike', '2026-04-20 11:30:29'),
(118, 55, 8, 'dislike', '2026-04-24 00:30:29'),
(119, 55, 11, 'like', '2026-04-30 06:30:29'),
(120, 55, 23, 'dislike', '2026-04-28 00:30:29'),
(121, 55, 12, 'dislike', '2026-04-17 16:30:29'),
(122, 55, 16, 'like', '2026-04-26 09:30:29'),
(123, 56, 23, 'dislike', '2026-04-16 08:30:29'),
(124, 56, 16, 'like', '2026-05-03 23:30:29'),
(125, 57, 21, 'dislike', '2026-04-21 22:30:29'),
(126, 57, 17, 'like', '2026-04-22 10:30:29'),
(127, 57, 13, 'like', '2026-04-18 10:30:29'),
(128, 57, 12, 'dislike', '2026-05-02 15:30:29'),
(129, 58, 11, 'dislike', '2026-04-16 07:30:29'),
(130, 58, 19, 'dislike', '2026-04-14 17:30:29'),
(131, 59, 7, 'dislike', '2026-04-15 12:30:29'),
(132, 59, 19, 'like', '2026-05-03 13:30:29'),
(133, 59, 21, 'like', '2026-04-24 05:30:29'),
(134, 59, 20, 'like', '2026-04-18 07:30:29'),
(135, 59, 23, 'like', '2026-05-03 20:30:29'),
(136, 59, 12, 'dislike', '2026-04-20 11:30:29'),
(137, 59, 9, 'like', '2026-04-23 16:30:29'),
(138, 59, 15, 'dislike', '2026-04-22 14:30:29'),
(139, 60, 21, 'like', '2026-04-27 23:30:29'),
(140, 60, 14, 'like', '2026-05-02 18:30:29'),
(141, 60, 15, 'like', '2026-04-18 10:30:29'),
(142, 60, 17, 'like', '2026-04-24 08:30:29'),
(143, 60, 19, 'like', '2026-04-15 15:30:29'),
(144, 61, 9, 'dislike', '2026-04-29 21:30:29'),
(145, 61, 19, 'like', '2026-04-27 02:30:29'),
(146, 61, 7, 'dislike', '2026-04-23 10:30:29'),
(147, 61, 16, 'like', '2026-04-19 00:30:29'),
(148, 61, 18, 'dislike', '2026-05-02 22:30:29'),
(149, 63, 12, 'dislike', '2026-05-04 08:30:29'),
(150, 63, 22, 'dislike', '2026-04-27 09:30:29'),
(151, 63, 20, 'dislike', '2026-04-29 06:30:29'),
(152, 63, 21, 'like', '2026-04-18 16:30:29'),
(153, 63, 15, 'like', '2026-04-18 10:30:29'),
(154, 63, 14, 'like', '2026-04-22 12:30:29'),
(155, 63, 16, 'like', '2026-04-14 15:30:29'),
(156, 64, 7, 'dislike', '2026-05-03 07:30:29'),
(157, 64, 8, 'like', '2026-04-25 16:30:29'),
(158, 64, 20, 'like', '2026-04-14 17:30:29'),
(159, 64, 19, 'dislike', '2026-05-01 16:30:29'),
(160, 65, 23, 'dislike', '2026-04-15 02:30:29'),
(161, 65, 19, 'like', '2026-04-14 15:30:29'),
(162, 65, 12, 'dislike', '2026-04-18 04:30:29'),
(163, 65, 11, 'like', '2026-05-04 23:30:29'),
(164, 65, 17, 'dislike', '2026-05-03 23:30:29'),
(165, 65, 21, 'like', '2026-04-27 07:30:29'),
(166, 65, 18, 'dislike', '2026-04-23 15:30:29'),
(167, 66, 14, 'dislike', '2026-04-25 22:30:29'),
(168, 66, 7, 'like', '2026-04-23 11:30:29'),
(169, 66, 22, 'like', '2026-05-01 21:30:29'),
(170, 66, 17, 'like', '2026-04-27 12:30:29'),
(171, 66, 8, 'like', '2026-04-23 10:30:29'),
(172, 66, 9, 'dislike', '2026-04-20 10:30:29'),
(173, 66, 13, 'like', '2026-04-16 01:30:29'),
(174, 67, 17, 'like', '2026-04-21 11:30:29'),
(175, 67, 7, 'like', '2026-05-01 11:30:29'),
(176, 69, 7, 'like', '2026-05-03 22:30:29'),
(177, 69, 16, 'dislike', '2026-04-21 12:30:29'),
(178, 69, 19, 'dislike', '2026-04-28 17:30:29'),
(179, 70, 23, 'dislike', '2026-04-19 08:30:29'),
(180, 70, 12, 'dislike', '2026-04-25 10:30:29'),
(181, 70, 9, 'like', '2026-05-01 14:30:29'),
(182, 71, 16, 'like', '2026-05-04 02:30:29'),
(183, 71, 15, 'like', '2026-04-24 12:30:29'),
(184, 71, 21, 'dislike', '2026-04-30 08:30:29'),
(185, 71, 20, 'like', '2026-04-24 08:30:29'),
(186, 71, 18, 'dislike', '2026-04-29 15:30:29'),
(187, 72, 13, 'dislike', '2026-04-18 15:30:29'),
(188, 72, 23, 'dislike', '2026-04-29 13:30:29'),
(189, 72, 14, 'dislike', '2026-04-17 16:30:29'),
(190, 72, 20, 'dislike', '2026-04-15 12:30:29'),
(191, 72, 15, 'like', '2026-04-27 19:30:29'),
(192, 72, 7, 'dislike', '2026-04-27 18:30:29'),
(193, 72, 17, 'dislike', '2026-04-28 05:30:29'),
(194, 73, 8, 'dislike', '2026-04-20 00:30:29'),
(195, 74, 9, 'dislike', '2026-04-30 03:30:29'),
(196, 74, 16, 'dislike', '2026-04-25 09:30:29'),
(197, 74, 15, 'like', '2026-04-29 08:30:29'),
(198, 74, 7, 'dislike', '2026-04-21 11:30:29'),
(199, 74, 13, 'dislike', '2026-05-02 15:30:29'),
(200, 74, 17, 'like', '2026-04-29 23:30:29'),
(201, 74, 14, 'dislike', '2026-04-24 20:30:29'),
(202, 74, 19, 'like', '2026-04-26 15:30:29'),
(203, 75, 21, 'dislike', '2026-04-15 20:30:29'),
(204, 76, 13, 'like', '2026-04-16 10:30:29'),
(205, 77, 13, 'dislike', '2026-05-04 04:30:29'),
(206, 77, 20, 'like', '2026-04-17 01:30:29'),
(207, 77, 19, 'like', '2026-04-21 16:30:29'),
(208, 77, 22, 'like', '2026-04-18 02:30:29'),
(209, 77, 16, 'like', '2026-04-20 02:30:29'),
(210, 77, 12, 'dislike', '2026-04-21 22:30:29'),
(211, 77, 18, 'like', '2026-04-14 04:30:29'),
(212, 78, 14, 'like', '2026-04-20 08:30:29'),
(213, 78, 13, 'like', '2026-04-27 04:30:29'),
(214, 78, 21, 'like', '2026-04-22 13:30:29'),
(215, 79, 11, 'dislike', '2026-04-21 14:30:29'),
(216, 79, 12, 'like', '2026-04-25 15:30:29'),
(217, 79, 17, 'like', '2026-04-17 12:30:29'),
(218, 79, 22, 'like', '2026-04-27 18:30:29'),
(219, 79, 7, 'like', '2026-04-21 02:30:29'),
(220, 79, 18, 'dislike', '2026-04-21 10:30:29'),
(221, 80, 19, 'dislike', '2026-04-25 15:30:29'),
(222, 80, 23, 'dislike', '2026-04-17 07:30:29'),
(223, 80, 21, 'dislike', '2026-04-25 19:30:29'),
(224, 80, 9, 'dislike', '2026-04-18 12:30:29'),
(225, 80, 15, 'dislike', '2026-05-01 04:30:29'),
(226, 80, 18, 'dislike', '2026-04-24 21:30:29'),
(227, 80, 7, 'dislike', '2026-04-24 14:30:29'),
(228, 81, 11, 'dislike', '2026-04-26 12:30:29'),
(229, 81, 20, 'dislike', '2026-04-20 22:30:29'),
(230, 81, 22, 'dislike', '2026-04-29 23:30:29'),
(231, 82, 20, 'dislike', '2026-04-16 20:30:29'),
(232, 82, 8, 'like', '2026-04-25 06:30:29'),
(233, 82, 17, 'like', '2026-04-14 07:30:29'),
(234, 82, 16, 'like', '2026-05-02 15:30:29'),
(235, 82, 18, 'dislike', '2026-04-22 10:30:29'),
(236, 82, 13, 'dislike', '2026-05-03 07:30:29'),
(237, 82, 9, 'like', '2026-04-30 01:30:29'),
(238, 82, 23, 'dislike', '2026-04-21 07:30:29'),
(239, 83, 23, 'like', '2026-05-01 14:30:29'),
(240, 84, 19, 'dislike', '2026-04-30 15:30:29'),
(241, 84, 23, 'like', '2026-04-22 17:30:29'),
(242, 84, 13, 'dislike', '2026-05-02 01:30:29'),
(243, 84, 8, 'like', '2026-04-25 13:30:29'),
(244, 85, 7, 'like', '2026-04-26 18:30:29'),
(245, 85, 14, 'dislike', '2026-04-19 23:30:29'),
(246, 86, 16, 'dislike', '2026-05-04 15:30:30'),
(247, 87, 18, 'like', '2026-04-18 03:30:30'),
(248, 88, 23, 'like', '2026-04-24 03:30:30'),
(249, 88, 18, 'dislike', '2026-05-01 18:30:30'),
(250, 88, 19, 'dislike', '2026-05-03 00:30:30'),
(251, 88, 7, 'like', '2026-04-23 18:30:30'),
(252, 88, 22, 'dislike', '2026-04-20 21:30:30'),
(253, 88, 21, 'dislike', '2026-04-23 12:30:30'),
(254, 88, 20, 'like', '2026-04-20 04:30:30'),
(255, 89, 7, 'dislike', '2026-04-23 13:30:30'),
(256, 89, 21, 'like', '2026-04-25 08:30:30'),
(257, 89, 18, 'like', '2026-04-30 17:30:30'),
(258, 89, 9, 'like', '2026-04-27 18:30:30'),
(259, 89, 13, 'like', '2026-04-29 16:30:30'),
(260, 90, 9, 'dislike', '2026-04-17 11:30:30'),
(261, 90, 21, 'like', '2026-04-17 00:30:30'),
(262, 91, 8, 'like', '2026-05-03 09:30:30'),
(263, 91, 14, 'dislike', '2026-04-17 19:30:30'),
(264, 91, 21, 'like', '2026-04-24 05:30:30'),
(265, 91, 9, 'dislike', '2026-04-25 09:30:30'),
(266, 91, 15, 'dislike', '2026-04-18 06:30:30'),
(267, 92, 11, 'dislike', '2026-04-22 13:30:30'),
(268, 92, 14, 'like', '2026-04-15 01:30:30'),
(269, 92, 21, 'dislike', '2026-04-18 04:30:30'),
(270, 92, 22, 'dislike', '2026-04-23 13:30:30'),
(271, 92, 16, 'dislike', '2026-04-24 09:30:30'),
(272, 92, 7, 'like', '2026-05-02 04:30:30'),
(273, 93, 21, 'dislike', '2026-05-02 07:30:30'),
(274, 93, 14, 'dislike', '2026-04-27 01:30:30'),
(275, 94, 21, 'like', '2026-05-02 11:30:30'),
(276, 94, 14, 'like', '2026-04-15 07:30:30'),
(277, 94, 18, 'like', '2026-04-20 16:30:30'),
(278, 94, 7, 'like', '2026-04-14 04:30:30'),
(279, 94, 9, 'like', '2026-04-21 08:30:30'),
(280, 95, 21, 'like', '2026-04-27 01:30:30'),
(281, 95, 22, 'dislike', '2026-05-02 11:30:30'),
(282, 95, 23, 'like', '2026-04-30 10:30:30'),
(283, 95, 20, 'dislike', '2026-04-22 09:30:30'),
(284, 95, 18, 'like', '2026-04-25 05:30:30'),
(285, 95, 8, 'dislike', '2026-04-28 02:30:30'),
(286, 95, 9, 'like', '2026-05-02 14:30:30'),
(287, 95, 13, 'like', '2026-04-20 08:30:30'),
(288, 96, 12, 'dislike', '2026-04-30 22:30:30'),
(289, 96, 11, 'like', '2026-04-17 05:30:30'),
(290, 96, 8, 'dislike', '2026-04-27 17:30:30'),
(291, 96, 9, 'like', '2026-04-21 04:30:30'),
(292, 96, 15, 'dislike', '2026-04-27 01:30:30'),
(293, 96, 7, 'dislike', '2026-05-01 11:30:30'),
(294, 96, 19, 'like', '2026-04-29 20:30:30'),
(295, 96, 17, 'like', '2026-04-23 01:30:30'),
(296, 98, 22, 'like', '2026-04-30 09:30:30'),
(297, 98, 19, 'like', '2026-05-01 00:30:30'),
(298, 98, 16, 'like', '2026-04-20 13:30:30'),
(299, 98, 15, 'dislike', '2026-04-22 00:30:30'),
(300, 98, 13, 'dislike', '2026-04-28 13:30:30'),
(301, 99, 19, 'like', '2026-04-30 21:30:30'),
(302, 99, 13, 'dislike', '2026-04-23 06:30:30'),
(303, 99, 11, 'like', '2026-04-16 09:30:30'),
(304, 99, 9, 'dislike', '2026-05-03 03:30:30'),
(305, 99, 14, 'like', '2026-04-28 07:30:30'),
(306, 99, 7, 'dislike', '2026-05-01 01:30:30'),
(307, 99, 12, 'dislike', '2026-05-02 02:30:30'),
(308, 99, 21, 'dislike', '2026-05-03 22:30:30'),
(309, 100, 22, 'like', '2026-04-27 02:30:30'),
(310, 100, 18, 'dislike', '2026-04-18 16:30:30'),
(311, 100, 16, 'like', '2026-04-30 00:30:30'),
(312, 100, 14, 'like', '2026-04-27 19:30:30'),
(313, 100, 12, 'like', '2026-04-27 09:30:30'),
(314, 100, 17, 'dislike', '2026-04-23 22:30:30'),
(315, 100, 21, 'like', '2026-04-27 09:30:30'),
(316, 100, 15, 'dislike', '2026-04-23 09:30:30'),
(317, 101, 17, 'like', '2026-04-27 08:30:30'),
(318, 101, 19, 'like', '2026-05-04 11:30:30'),
(319, 101, 12, 'dislike', '2026-05-04 17:30:30'),
(320, 101, 13, 'like', '2026-04-30 17:30:30'),
(321, 102, 11, 'like', '2026-04-24 04:30:30'),
(322, 103, 15, 'dislike', '2026-04-20 04:30:30'),
(323, 103, 23, 'dislike', '2026-04-29 14:30:30'),
(324, 103, 12, 'dislike', '2026-04-22 16:30:30'),
(325, 103, 8, 'dislike', '2026-05-01 12:30:30'),
(326, 104, 21, 'dislike', '2026-04-16 10:30:30'),
(327, 104, 15, 'dislike', '2026-05-01 02:30:30'),
(328, 104, 13, 'dislike', '2026-05-04 14:30:30'),
(329, 104, 12, 'like', '2026-04-25 06:30:30'),
(330, 105, 19, 'like', '2026-05-01 13:30:30'),
(331, 105, 11, 'like', '2026-04-29 21:30:30'),
(332, 105, 16, 'like', '2026-05-01 02:30:30'),
(333, 105, 13, 'dislike', '2026-05-02 06:30:30'),
(334, 105, 18, 'dislike', '2026-04-28 07:30:30'),
(335, 105, 12, 'like', '2026-04-15 19:30:30'),
(336, 105, 20, 'dislike', '2026-05-03 01:30:30'),
(337, 106, 22, 'dislike', '2026-04-24 03:30:30'),
(338, 106, 23, 'dislike', '2026-04-25 18:30:30'),
(339, 106, 15, 'dislike', '2026-04-19 05:30:30'),
(340, 106, 12, 'like', '2026-04-27 23:30:30'),
(341, 106, 9, 'dislike', '2026-04-20 17:30:30'),
(342, 106, 19, 'dislike', '2026-04-21 08:30:30'),
(343, 107, 21, 'like', '2026-04-23 02:30:30'),
(344, 108, 21, 'dislike', '2026-04-21 15:30:30'),
(345, 108, 23, 'dislike', '2026-04-20 19:30:30'),
(346, 108, 9, 'like', '2026-04-20 18:30:30'),
(347, 108, 22, 'dislike', '2026-04-17 00:30:30'),
(348, 109, 16, 'like', '2026-05-03 08:30:30'),
(349, 109, 20, 'dislike', '2026-04-24 06:30:30'),
(350, 109, 7, 'like', '2026-05-04 07:30:30'),
(351, 110, 8, 'dislike', '2026-04-16 18:30:30'),
(352, 110, 7, 'dislike', '2026-05-01 12:30:30'),
(353, 110, 17, 'like', '2026-04-14 09:30:30'),
(354, 110, 11, 'like', '2026-04-19 21:30:30'),
(355, 111, 18, 'dislike', '2026-05-01 00:30:30'),
(356, 111, 12, 'dislike', '2026-04-18 09:30:30'),
(357, 111, 22, 'dislike', '2026-04-30 01:30:30'),
(358, 111, 9, 'like', '2026-04-25 18:30:30'),
(359, 111, 8, 'dislike', '2026-04-18 08:30:30'),
(360, 111, 15, 'dislike', '2026-04-21 06:30:30'),
(361, 111, 23, 'like', '2026-04-24 12:30:30'),
(362, 111, 17, 'dislike', '2026-04-28 22:30:30'),
(363, 112, 15, 'like', '2026-04-22 00:30:30'),
(364, 112, 22, 'like', '2026-04-26 00:30:30'),
(365, 112, 20, 'like', '2026-04-19 21:30:30'),
(366, 112, 16, 'like', '2026-04-26 11:30:30'),
(367, 112, 21, 'like', '2026-04-23 05:30:30'),
(368, 112, 23, 'dislike', '2026-04-25 22:30:30'),
(369, 113, 14, 'like', '2026-04-26 07:30:30'),
(370, 114, 23, 'like', '2026-04-23 17:30:30'),
(371, 114, 9, 'like', '2026-05-01 15:30:30'),
(372, 114, 19, 'dislike', '2026-04-20 19:30:30'),
(373, 114, 21, 'dislike', '2026-04-19 14:30:30'),
(374, 114, 16, 'like', '2026-05-01 23:30:30'),
(375, 115, 11, 'dislike', '2026-04-30 01:30:30'),
(376, 115, 8, 'dislike', '2026-04-24 20:30:30'),
(377, 116, 18, 'dislike', '2026-04-24 02:30:30'),
(378, 116, 22, 'like', '2026-04-20 17:30:30'),
(379, 116, 9, 'dislike', '2026-04-23 05:30:30'),
(380, 116, 19, 'dislike', '2026-05-02 00:30:30'),
(381, 117, 22, 'dislike', '2026-04-22 17:30:30'),
(382, 117, 20, 'dislike', '2026-04-20 23:30:30'),
(383, 117, 18, 'like', '2026-04-21 08:30:30'),
(384, 117, 8, 'dislike', '2026-04-17 17:30:30'),
(385, 117, 21, 'like', '2026-04-28 21:30:30'),
(386, 117, 15, 'dislike', '2026-04-23 06:30:30'),
(387, 118, 16, 'dislike', '2026-04-28 10:30:30'),
(388, 118, 8, 'like', '2026-04-23 13:30:30'),
(389, 118, 12, 'like', '2026-04-15 06:30:30'),
(390, 118, 23, 'like', '2026-04-14 10:30:30'),
(391, 28, 9, 'like', '2026-05-05 03:32:02'),
(392, 200, 27, 'like', '2026-04-20 05:33:35'),
(393, 200, 9, 'like', '2026-05-01 08:33:35'),
(394, 200, 8, 'like', '2026-03-29 05:33:35'),
(395, 200, 30, 'like', '2026-03-26 18:33:35'),
(396, 200, 27, 'dislike', '2026-03-27 06:33:35'),
(397, 200, 29, 'dislike', '2026-04-15 08:33:35'),
(398, 200, 32, 'dislike', '2026-03-20 23:33:35'),
(399, 200, 8, 'dislike', '2026-04-28 14:33:35'),
(400, 200, 33, 'dislike', '2026-04-20 13:33:35'),
(401, 201, 29, 'dislike', '2026-04-23 11:33:35'),
(402, 201, 7, 'dislike', '2026-03-22 14:33:35'),
(403, 201, 32, 'like', '2026-04-19 07:33:35'),
(404, 201, 35, 'like', '2026-04-04 04:33:35'),
(405, 201, 28, 'dislike', '2026-03-29 22:33:35'),
(406, 201, 35, 'dislike', '2026-04-09 10:33:35'),
(407, 201, 34, 'dislike', '2026-04-08 02:33:35'),
(408, 202, 27, 'like', '2026-04-12 10:33:35'),
(409, 202, 35, 'like', '2026-04-23 01:33:35'),
(410, 202, 30, 'like', '2026-04-13 10:33:35'),
(411, 202, 28, 'dislike', '2026-03-31 13:33:35'),
(412, 202, 28, 'like', '2026-04-06 18:33:35'),
(413, 202, 11, 'like', '2026-05-02 21:33:35'),
(415, 202, 24, 'like', '2026-04-25 04:33:35'),
(416, 202, 25, 'like', '2026-04-01 23:33:35'),
(417, 202, 31, 'dislike', '2026-04-30 22:33:35'),
(418, 203, 30, 'like', '2026-04-12 17:33:35'),
(419, 203, 7, 'dislike', '2026-04-06 20:33:35'),
(420, 204, 35, 'dislike', '2026-04-28 12:33:35'),
(421, 205, 11, 'dislike', '2026-03-24 02:33:35'),
(422, 206, 34, 'dislike', '2026-03-20 20:33:35'),
(423, 206, 7, 'like', '2026-04-21 17:33:35'),
(424, 206, 27, 'dislike', '2026-03-20 09:33:35'),
(425, 206, 7, 'dislike', '2026-04-26 20:33:35'),
(426, 206, 28, 'like', '2026-04-25 18:33:35'),
(427, 206, 24, 'dislike', '2026-04-18 14:33:35'),
(428, 206, 35, 'dislike', '2026-05-04 01:33:35'),
(429, 207, 28, 'dislike', '2026-04-18 17:33:35'),
(430, 207, 25, 'like', '2026-04-06 10:33:35'),
(431, 207, 35, 'like', '2026-04-29 23:33:35'),
(432, 207, 11, 'like', '2026-04-07 13:33:35'),
(433, 207, 8, 'dislike', '2026-04-30 16:33:35'),
(434, 207, 7, 'dislike', '2026-05-01 15:33:35'),
(436, 207, 33, 'dislike', '2026-03-24 12:33:35'),
(438, 207, 34, 'like', '2026-04-23 04:33:35'),
(439, 208, 24, 'dislike', '2026-04-17 21:33:35'),
(440, 208, 29, 'like', '2026-04-13 23:33:35'),
(441, 208, 30, 'dislike', '2026-04-08 01:33:35'),
(442, 208, 27, 'like', '2026-03-24 11:33:35'),
(443, 208, 28, 'like', '2026-04-09 19:33:35'),
(444, 208, 26, 'dislike', '2026-04-20 23:33:35'),
(445, 208, 33, 'like', '2026-04-09 01:33:35'),
(447, 208, 25, 'dislike', '2026-05-02 03:33:35'),
(448, 209, 30, 'dislike', '2026-03-23 09:33:35'),
(449, 209, 29, 'dislike', '2026-03-27 17:33:35'),
(450, 209, 31, 'dislike', '2026-05-03 08:33:35'),
(451, 209, 28, 'dislike', '2026-04-02 19:33:35'),
(452, 209, 35, 'like', '2026-03-26 22:33:35'),
(453, 209, 32, 'like', '2026-04-26 10:33:35'),
(454, 209, 9, 'like', '2026-04-28 20:33:35'),
(456, 210, 7, 'dislike', '2026-04-30 05:33:35'),
(457, 210, 29, 'dislike', '2026-04-30 00:33:35'),
(458, 210, 26, 'like', '2026-04-07 17:33:35'),
(459, 210, 9, 'dislike', '2026-03-30 11:33:35'),
(460, 210, 26, 'dislike', '2026-03-26 01:33:35'),
(461, 211, 35, 'dislike', '2026-04-22 05:33:35'),
(462, 211, 11, 'like', '2026-04-19 23:33:35'),
(463, 211, 31, 'like', '2026-04-28 13:33:35'),
(464, 212, 11, 'dislike', '2026-04-03 01:33:35'),
(465, 212, 29, 'like', '2026-04-18 10:33:35'),
(466, 214, 28, 'like', '2026-04-24 03:33:35'),
(467, 214, 31, 'dislike', '2026-05-02 05:33:35'),
(468, 214, 27, 'dislike', '2026-03-25 22:33:35'),
(469, 214, 34, 'like', '2026-04-13 03:33:35'),
(470, 215, 26, 'like', '2026-04-01 00:33:35'),
(471, 215, 11, 'dislike', '2026-04-18 07:33:35'),
(472, 216, 9, 'like', '2026-04-18 00:33:35'),
(473, 217, 35, 'dislike', '2026-04-24 02:33:35'),
(474, 217, 7, 'like', '2026-04-15 20:33:35'),
(475, 217, 35, 'like', '2026-04-13 08:33:35'),
(476, 217, 25, 'like', '2026-04-03 12:33:35'),
(478, 217, 7, 'dislike', '2026-04-05 04:33:35'),
(479, 217, 33, 'dislike', '2026-03-26 05:33:35'),
(480, 217, 9, 'dislike', '2026-04-27 06:33:35'),
(482, 217, 11, 'dislike', '2026-04-12 19:33:35'),
(483, 218, 34, 'like', '2026-03-24 05:33:35'),
(484, 218, 30, 'dislike', '2026-03-27 07:33:35'),
(485, 218, 32, 'dislike', '2026-03-26 17:33:35'),
(486, 218, 8, 'dislike', '2026-05-05 02:33:35'),
(487, 218, 26, 'dislike', '2026-03-31 03:33:35'),
(488, 218, 24, 'dislike', '2026-04-25 11:33:35'),
(489, 219, 7, 'like', '2026-03-20 10:33:35'),
(490, 219, 25, 'dislike', '2026-03-29 07:33:35'),
(491, 219, 7, 'dislike', '2026-03-27 02:33:35'),
(492, 219, 9, 'like', '2026-04-27 13:33:35'),
(493, 219, 32, 'dislike', '2026-04-08 22:33:35'),
(494, 219, 26, 'like', '2026-04-30 20:33:35'),
(495, 219, 8, 'dislike', '2026-03-26 16:33:35'),
(497, 219, 35, 'like', '2026-04-15 19:33:35'),
(499, 220, 25, 'dislike', '2026-05-03 22:33:35'),
(500, 220, 11, 'dislike', '2026-03-27 11:33:35'),
(501, 220, 7, 'like', '2026-03-30 17:33:35'),
(502, 220, 34, 'dislike', '2026-03-28 09:33:35'),
(503, 220, 9, 'like', '2026-05-02 06:33:35'),
(504, 220, 8, 'dislike', '2026-03-31 14:33:35'),
(508, 220, 24, 'like', '2026-04-27 05:33:35'),
(509, 221, 28, 'dislike', '2026-04-15 07:33:35'),
(510, 221, 11, 'like', '2026-04-18 02:33:35'),
(511, 222, 32, 'dislike', '2026-03-24 23:33:35'),
(512, 222, 8, 'dislike', '2026-04-02 17:33:35'),
(514, 222, 7, 'dislike', '2026-04-17 05:33:35'),
(515, 222, 33, 'like', '2026-04-27 08:33:35'),
(516, 222, 32, 'like', '2026-04-26 09:33:35'),
(518, 222, 7, 'like', '2026-04-26 22:33:35'),
(519, 223, 9, 'like', '2026-04-15 01:33:35'),
(520, 223, 28, 'dislike', '2026-04-30 19:33:35'),
(521, 223, 29, 'like', '2026-04-09 09:33:35'),
(522, 223, 30, 'dislike', '2026-04-12 14:33:35'),
(523, 224, 29, 'dislike', '2026-04-19 06:33:35'),
(524, 224, 27, 'dislike', '2026-04-07 19:33:35'),
(525, 224, 34, 'like', '2026-04-07 07:33:35'),
(526, 224, 27, 'like', '2026-04-21 08:33:35'),
(527, 224, 33, 'like', '2026-04-22 07:33:35'),
(528, 224, 11, 'dislike', '2026-03-23 02:33:35'),
(529, 224, 34, 'dislike', '2026-04-15 07:33:35'),
(531, 224, 35, 'dislike', '2026-05-02 10:33:35'),
(532, 225, 32, 'like', '2026-04-04 16:33:35'),
(533, 225, 29, 'dislike', '2026-05-04 07:33:35'),
(534, 226, 29, 'like', '2026-03-27 18:33:35'),
(535, 227, 11, 'dislike', '2026-04-08 03:33:35'),
(536, 227, 25, 'like', '2026-04-22 20:33:35'),
(537, 227, 24, 'dislike', '2026-05-03 13:33:35'),
(538, 228, 24, 'dislike', '2026-03-21 06:33:35'),
(539, 228, 32, 'dislike', '2026-04-05 14:33:35'),
(540, 229, 27, 'dislike', '2026-04-25 08:33:35'),
(541, 229, 26, 'dislike', '2026-04-27 14:33:35'),
(542, 229, 35, 'dislike', '2026-04-20 15:33:35'),
(543, 230, 33, 'dislike', '2026-04-09 21:33:35'),
(544, 230, 8, 'like', '2026-04-30 23:33:35'),
(545, 230, 7, 'like', '2026-04-05 07:33:35'),
(546, 230, 30, 'dislike', '2026-05-03 00:33:35'),
(547, 230, 29, 'dislike', '2026-05-02 11:33:35'),
(548, 230, 32, 'like', '2026-04-07 20:33:35'),
(549, 231, 7, 'dislike', '2026-04-06 23:33:35'),
(550, 231, 32, 'like', '2026-03-29 06:33:35'),
(551, 231, 35, 'like', '2026-03-31 18:33:35'),
(552, 231, 34, 'like', '2026-04-12 19:33:35'),
(554, 231, 28, 'like', '2026-03-22 11:33:35'),
(555, 231, 11, 'like', '2026-04-02 19:33:35'),
(556, 231, 33, 'dislike', '2026-03-21 01:33:35'),
(557, 232, 29, 'like', '2026-05-02 03:33:35'),
(558, 232, 11, 'like', '2026-03-20 18:33:35'),
(559, 232, 28, 'like', '2026-04-11 20:33:35'),
(560, 232, 28, 'dislike', '2026-04-26 01:33:35'),
(561, 232, 34, 'dislike', '2026-03-22 18:33:35'),
(562, 232, 32, 'dislike', '2026-03-27 11:33:35'),
(563, 233, 35, 'dislike', '2026-05-03 00:33:35'),
(564, 233, 24, 'dislike', '2026-04-10 11:33:35'),
(565, 233, 8, 'like', '2026-04-04 16:33:35'),
(566, 233, 31, 'dislike', '2026-04-26 08:33:35'),
(567, 233, 25, 'like', '2026-05-02 05:33:35'),
(568, 233, 25, 'dislike', '2026-04-17 13:33:35'),
(569, 233, 9, 'like', '2026-04-30 19:33:35'),
(570, 234, 29, 'like', '2026-04-24 02:33:35'),
(572, 235, 25, 'like', '2026-03-20 21:33:35'),
(573, 235, 31, 'like', '2026-04-24 06:33:35'),
(574, 235, 31, 'dislike', '2026-04-16 04:33:35'),
(575, 235, 35, 'like', '2026-03-26 01:33:35'),
(577, 235, 35, 'dislike', '2026-04-18 02:33:35'),
(578, 236, 27, 'like', '2026-03-24 08:33:35'),
(579, 236, 30, 'like', '2026-04-25 22:33:35'),
(580, 237, 31, 'like', '2026-04-25 09:33:35'),
(581, 237, 32, 'like', '2026-04-13 11:33:35'),
(582, 237, 8, 'dislike', '2026-04-18 04:33:35'),
(583, 237, 34, 'dislike', '2026-04-26 13:33:35'),
(584, 237, 25, 'like', '2026-04-22 15:33:35'),
(585, 237, 9, 'dislike', '2026-03-31 20:33:35'),
(586, 237, 33, 'like', '2026-05-01 00:33:35'),
(587, 237, 25, 'dislike', '2026-03-23 06:33:35'),
(588, 237, 30, 'like', '2026-04-19 19:33:35'),
(589, 237, 31, 'dislike', '2026-04-05 17:33:35'),
(590, 239, 25, 'dislike', '2026-04-01 18:33:35'),
(591, 239, 29, 'like', '2026-04-19 12:33:35'),
(592, 240, 25, 'dislike', '2026-03-30 03:33:35'),
(593, 240, 24, 'dislike', '2026-04-23 15:33:35'),
(594, 240, 32, 'like', '2026-03-27 12:33:35'),
(595, 241, 25, 'like', '2026-04-11 20:33:35'),
(596, 241, 29, 'like', '2026-04-08 00:33:35'),
(597, 241, 32, 'dislike', '2026-04-25 07:33:35'),
(598, 241, 31, 'dislike', '2026-04-18 13:33:35'),
(599, 241, 28, 'like', '2026-04-05 06:33:35'),
(600, 241, 26, 'like', '2026-04-07 15:33:35'),
(602, 242, 27, 'dislike', '2026-04-02 18:33:35'),
(603, 242, 27, 'like', '2026-04-03 15:33:35'),
(604, 242, 28, 'dislike', '2026-04-05 22:33:35'),
(605, 242, 9, 'like', '2026-04-09 15:33:35'),
(606, 242, 11, 'like', '2026-03-23 18:33:35'),
(607, 242, 31, 'dislike', '2026-03-23 19:33:35'),
(608, 242, 32, 'like', '2026-04-14 00:33:35'),
(609, 243, 26, 'dislike', '2026-04-26 18:33:35'),
(610, 243, 27, 'like', '2026-03-25 00:33:35'),
(611, 243, 11, 'like', '2026-03-21 23:33:35'),
(612, 243, 25, 'dislike', '2026-04-17 14:33:35'),
(614, 243, 34, 'like', '2026-04-03 04:33:35'),
(615, 243, 11, 'dislike', '2026-05-04 23:33:35'),
(616, 243, 32, 'dislike', '2026-03-27 00:33:35'),
(617, 243, 26, 'like', '2026-03-31 12:33:35'),
(618, 244, 34, 'dislike', '2026-03-23 05:33:35'),
(619, 244, 26, 'dislike', '2026-04-04 12:33:35'),
(620, 244, 30, 'dislike', '2026-04-04 02:33:35'),
(621, 244, 29, 'like', '2026-04-27 01:33:35'),
(622, 244, 29, 'dislike', '2026-04-16 04:33:35'),
(623, 244, 30, 'like', '2026-03-29 00:33:35'),
(624, 244, 28, 'like', '2026-03-21 10:33:35'),
(625, 244, 27, 'dislike', '2026-03-22 13:33:35'),
(626, 244, 27, 'like', '2026-03-20 15:33:35'),
(627, 245, 11, 'dislike', '2026-04-24 18:33:35'),
(628, 245, 32, 'dislike', '2026-04-10 12:33:35'),
(630, 246, 27, 'dislike', '2026-03-30 07:33:35'),
(631, 246, 34, 'dislike', '2026-03-23 02:33:35'),
(632, 246, 25, 'dislike', '2026-04-13 07:33:35'),
(633, 246, 26, 'dislike', '2026-04-21 04:33:35'),
(634, 246, 28, 'like', '2026-03-27 11:33:35'),
(635, 246, 27, 'like', '2026-04-11 05:33:35'),
(636, 246, 7, 'dislike', '2026-04-08 14:33:35'),
(637, 246, 30, 'like', '2026-04-16 06:33:35'),
(638, 246, 28, 'dislike', '2026-03-23 19:33:35'),
(640, 247, 26, 'like', '2026-04-29 03:33:35'),
(641, 248, 34, 'dislike', '2026-04-04 16:33:35'),
(642, 248, 27, 'dislike', '2026-04-07 14:33:35'),
(643, 248, 31, 'like', '2026-03-29 22:33:35'),
(644, 249, 26, 'like', '2026-03-26 10:33:35'),
(645, 249, 35, 'dislike', '2026-03-20 21:33:35'),
(646, 249, 30, 'dislike', '2026-04-03 10:33:35'),
(648, 249, 9, 'dislike', '2026-04-14 05:33:35'),
(649, 249, 32, 'dislike', '2026-04-25 03:33:35'),
(650, 249, 28, 'dislike', '2026-05-02 01:33:35'),
(651, 250, 9, 'like', '2026-03-21 04:33:35'),
(652, 250, 24, 'dislike', '2026-03-23 06:33:35'),
(653, 250, 31, 'dislike', '2026-04-14 02:33:35'),
(655, 250, 33, 'like', '2026-05-01 12:33:35'),
(657, 250, 7, 'like', '2026-04-15 01:33:35'),
(658, 251, 30, 'dislike', '2026-05-02 16:33:35'),
(659, 251, 35, 'dislike', '2026-03-25 13:33:35'),
(660, 251, 26, 'dislike', '2026-05-03 13:33:35'),
(661, 251, 31, 'dislike', '2026-03-21 18:33:35'),
(662, 251, 27, 'dislike', '2026-04-02 08:33:35'),
(663, 251, 11, 'dislike', '2026-04-02 05:33:35'),
(664, 251, 32, 'dislike', '2026-04-21 23:33:35'),
(665, 251, 25, 'dislike', '2026-04-22 07:33:35'),
(666, 251, 27, 'like', '2026-04-04 19:33:35'),
(667, 252, 25, 'like', '2026-05-04 03:33:35'),
(668, 252, 29, 'like', '2026-04-23 07:33:35'),
(669, 253, 7, 'dislike', '2026-04-05 08:33:35'),
(670, 253, 32, 'dislike', '2026-04-18 10:33:35'),
(671, 253, 34, 'like', '2026-04-02 15:33:35'),
(672, 253, 8, 'dislike', '2026-03-31 09:33:35'),
(673, 253, 30, 'dislike', '2026-04-12 08:33:35'),
(674, 254, 35, 'dislike', '2026-05-03 19:33:35'),
(675, 254, 33, 'like', '2026-05-03 16:33:35'),
(676, 254, 30, 'dislike', '2026-04-26 04:33:35'),
(677, 254, 29, 'like', '2026-04-29 16:33:35'),
(678, 254, 31, 'like', '2026-03-25 02:33:35'),
(680, 254, 11, 'like', '2026-03-27 18:33:35'),
(681, 254, 24, 'like', '2026-04-14 07:33:35'),
(682, 254, 26, 'dislike', '2026-04-22 17:33:35'),
(683, 254, 9, 'like', '2026-03-25 10:33:35'),
(684, 255, 11, 'like', '2026-04-14 06:33:35'),
(685, 255, 7, 'like', '2026-04-22 23:33:35'),
(686, 255, 27, 'like', '2026-04-12 07:33:35'),
(687, 256, 35, 'like', '2026-04-08 01:33:35'),
(688, 256, 32, 'like', '2026-03-27 01:33:35'),
(690, 256, 27, 'dislike', '2026-04-28 14:33:35'),
(691, 256, 25, 'dislike', '2026-04-20 16:33:35'),
(692, 256, 30, 'like', '2026-04-10 13:33:35'),
(693, 256, 28, 'like', '2026-04-19 19:33:35'),
(695, 256, 33, 'like', '2026-03-24 17:33:35'),
(696, 256, 11, 'like', '2026-04-19 14:33:35'),
(697, 257, 9, 'like', '2026-04-08 00:33:35'),
(698, 257, 11, 'dislike', '2026-04-26 12:33:35'),
(699, 257, 33, 'like', '2026-03-21 12:33:35'),
(700, 257, 28, 'dislike', '2026-03-26 02:33:35'),
(701, 257, 35, 'dislike', '2026-04-12 03:33:35'),
(702, 257, 30, 'dislike', '2026-05-01 17:33:35'),
(704, 257, 24, 'like', '2026-04-30 14:33:35'),
(705, 257, 28, 'like', '2026-03-26 18:33:35'),
(706, 257, 26, 'dislike', '2026-04-01 01:33:35'),
(707, 258, 8, 'like', '2026-04-24 10:33:35'),
(708, 259, 28, 'like', '2026-03-23 00:33:35'),
(709, 260, 29, 'like', '2026-04-04 10:33:35'),
(710, 260, 8, 'like', '2026-04-03 06:33:35'),
(712, 260, 34, 'like', '2026-03-26 18:33:35'),
(713, 260, 9, 'like', '2026-04-16 20:33:35'),
(714, 260, 25, 'like', '2026-04-20 19:33:35'),
(716, 260, 11, 'dislike', '2026-04-16 15:33:35'),
(717, 261, 7, 'dislike', '2026-04-10 01:33:35'),
(718, 261, 32, 'like', '2026-04-26 21:33:35'),
(719, 262, 9, 'dislike', '2026-04-07 20:33:35'),
(721, 262, 32, 'like', '2026-04-21 10:33:35'),
(722, 262, 7, 'dislike', '2026-04-17 08:33:35'),
(723, 262, 28, 'like', '2026-04-14 23:33:35'),
(724, 262, 34, 'like', '2026-04-13 01:33:35'),
(725, 263, 26, 'dislike', '2026-04-12 01:33:35'),
(726, 263, 25, 'dislike', '2026-04-03 06:33:35'),
(728, 264, 28, 'like', '2026-04-17 06:33:35'),
(729, 264, 28, 'dislike', '2026-04-10 09:33:35'),
(730, 264, 29, 'dislike', '2026-05-02 12:33:35'),
(731, 264, 25, 'like', '2026-04-18 09:33:35'),
(732, 264, 8, 'dislike', '2026-03-28 23:33:35'),
(733, 265, 35, 'dislike', '2026-04-15 06:33:35'),
(734, 265, 27, 'like', '2026-04-22 20:33:35'),
(735, 265, 9, 'dislike', '2026-04-10 02:33:35'),
(736, 266, 28, 'dislike', '2026-04-12 19:33:35'),
(737, 266, 30, 'like', '2026-04-23 09:33:35'),
(738, 267, 31, 'dislike', '2026-04-28 11:33:35'),
(739, 267, 29, 'like', '2026-04-20 03:33:35'),
(740, 267, 26, 'like', '2026-04-02 23:33:35'),
(741, 267, 28, 'dislike', '2026-04-26 02:33:35'),
(742, 267, 28, 'like', '2026-04-13 21:33:35'),
(743, 267, 33, 'dislike', '2026-04-06 04:33:35'),
(744, 267, 11, 'like', '2026-04-28 19:33:35'),
(745, 268, 24, 'dislike', '2026-04-04 22:33:35'),
(746, 268, 32, 'dislike', '2026-03-25 21:33:35'),
(747, 268, 7, 'like', '2026-03-28 17:33:35'),
(748, 269, 33, 'dislike', '2026-04-17 00:33:35'),
(749, 269, 35, 'dislike', '2026-05-03 15:33:35'),
(750, 269, 7, 'like', '2026-04-17 00:33:35'),
(751, 269, 33, 'like', '2026-04-02 08:33:35'),
(753, 269, 30, 'like', '2026-05-01 00:33:35'),
(754, 269, 11, 'like', '2026-04-30 10:33:35'),
(755, 271, 30, 'dislike', '2026-03-29 07:33:35'),
(756, 271, 31, 'like', '2026-04-18 08:33:35'),
(757, 271, 34, 'dislike', '2026-03-27 09:33:35'),
(759, 271, 9, 'like', '2026-04-03 06:33:35'),
(760, 271, 33, 'like', '2026-04-26 09:33:35'),
(761, 271, 28, 'dislike', '2026-03-21 11:33:35'),
(764, 272, 27, 'like', '2026-04-15 10:33:35'),
(765, 272, 8, 'dislike', '2026-04-25 23:33:35'),
(766, 272, 30, 'like', '2026-03-27 20:33:35'),
(767, 272, 31, 'like', '2026-04-08 02:33:35'),
(768, 273, 29, 'dislike', '2026-04-22 03:33:35'),
(769, 273, 34, 'dislike', '2026-04-07 23:33:35'),
(770, 273, 30, 'dislike', '2026-03-29 14:33:35'),
(771, 273, 9, 'like', '2026-05-01 10:33:35'),
(772, 273, 7, 'dislike', '2026-04-05 09:33:35'),
(773, 274, 34, 'like', '2026-03-21 07:33:35'),
(774, 274, 29, 'dislike', '2026-04-12 06:33:35'),
(775, 274, 9, 'like', '2026-04-13 21:33:35'),
(776, 274, 33, 'dislike', '2026-04-06 10:33:35'),
(777, 275, 34, 'dislike', '2026-04-26 14:33:35'),
(778, 275, 30, 'like', '2026-04-09 08:33:35'),
(779, 275, 9, 'like', '2026-03-28 23:33:35'),
(780, 275, 9, 'dislike', '2026-04-14 06:33:35'),
(781, 276, 7, 'dislike', '2026-04-25 06:33:35'),
(782, 276, 25, 'dislike', '2026-04-29 09:33:35'),
(783, 276, 35, 'dislike', '2026-03-30 23:33:35'),
(784, 276, 26, 'like', '2026-04-25 00:33:35'),
(785, 276, 34, 'dislike', '2026-04-21 07:33:35'),
(786, 276, 31, 'dislike', '2026-03-22 08:33:35'),
(787, 276, 33, 'dislike', '2026-04-02 15:33:35'),
(788, 277, 31, 'like', '2026-04-28 13:33:35'),
(789, 277, 9, 'like', '2026-03-28 23:33:35'),
(790, 277, 33, 'like', '2026-04-09 09:33:35'),
(791, 278, 27, 'like', '2026-04-01 10:33:35'),
(792, 278, 9, 'like', '2026-05-02 03:33:35'),
(793, 278, 31, 'like', '2026-04-12 22:33:35'),
(794, 278, 31, 'dislike', '2026-04-14 19:33:35'),
(795, 278, 24, 'dislike', '2026-03-30 11:33:35'),
(797, 279, 33, 'dislike', '2026-04-11 12:33:35'),
(798, 279, 29, 'dislike', '2026-03-24 18:33:35'),
(799, 280, 7, 'dislike', '2026-04-01 07:33:35'),
(800, 280, 30, 'like', '2026-04-20 04:33:35'),
(801, 280, 31, 'dislike', '2026-03-31 18:33:35'),
(802, 281, 9, 'like', '2026-04-20 20:33:35'),
(803, 281, 24, 'dislike', '2026-04-06 06:33:35'),
(804, 282, 32, 'like', '2026-03-20 10:33:35'),
(805, 283, 9, 'like', '2026-05-01 03:33:35'),
(806, 283, 33, 'dislike', '2026-04-26 16:33:35'),
(807, 283, 32, 'like', '2026-04-05 00:33:35'),
(808, 283, 30, 'dislike', '2026-04-18 06:33:35'),
(809, 283, 29, 'like', '2026-04-28 01:33:35'),
(812, 283, 28, 'dislike', '2026-04-05 21:33:35'),
(813, 284, 7, 'dislike', '2026-04-25 15:33:35'),
(814, 284, 33, 'like', '2026-04-28 10:33:35'),
(815, 284, 27, 'dislike', '2026-04-09 16:33:35'),
(816, 284, 26, 'dislike', '2026-03-28 18:33:35'),
(817, 284, 8, 'like', '2026-04-08 09:33:35'),
(819, 284, 7, 'like', '2026-03-22 07:33:35'),
(820, 285, 30, 'like', '2026-04-30 04:33:35'),
(821, 285, 11, 'like', '2026-03-22 00:33:35'),
(822, 285, 33, 'like', '2026-04-09 01:33:35'),
(823, 285, 11, 'dislike', '2026-03-23 20:33:35'),
(824, 285, 29, 'like', '2026-04-16 23:33:35'),
(825, 286, 35, 'like', '2026-03-24 21:33:35'),
(826, 286, 7, 'like', '2026-04-23 17:33:35'),
(827, 286, 9, 'like', '2026-03-22 18:33:35'),
(828, 286, 34, 'dislike', '2026-04-09 03:33:35'),
(829, 286, 8, 'dislike', '2026-04-16 13:33:35'),
(830, 286, 26, 'dislike', '2026-04-07 17:33:35'),
(831, 286, 30, 'like', '2026-04-18 13:33:35'),
(832, 286, 27, 'dislike', '2026-04-13 12:33:35'),
(833, 287, 33, 'dislike', '2026-03-24 23:33:35'),
(834, 287, 11, 'dislike', '2026-04-03 02:33:35'),
(835, 287, 29, 'dislike', '2026-04-23 20:33:35'),
(836, 287, 31, 'dislike', '2026-04-07 20:33:35'),
(837, 287, 35, 'dislike', '2026-04-09 04:33:35'),
(838, 288, 25, 'like', '2026-04-09 11:33:35'),
(839, 288, 27, 'dislike', '2026-04-25 14:33:35'),
(840, 288, 33, 'dislike', '2026-04-16 04:33:35'),
(841, 288, 31, 'like', '2026-04-10 11:33:35'),
(842, 288, 11, 'like', '2026-05-02 09:33:35'),
(843, 288, 24, 'like', '2026-03-20 17:33:35'),
(844, 288, 8, 'dislike', '2026-03-27 21:33:35'),
(845, 288, 11, 'dislike', '2026-03-29 12:33:35'),
(846, 289, 27, 'like', '2026-04-20 16:33:35'),
(847, 289, 31, 'dislike', '2026-04-19 15:33:35'),
(849, 289, 29, 'dislike', '2026-04-25 20:33:35'),
(850, 290, 26, 'dislike', '2026-04-19 19:33:35'),
(851, 290, 28, 'dislike', '2026-04-07 09:33:35'),
(852, 291, 30, 'like', '2026-04-04 19:33:35'),
(853, 291, 33, 'dislike', '2026-04-30 09:33:35'),
(854, 291, 24, 'like', '2026-04-19 04:33:35'),
(857, 291, 9, 'dislike', '2026-04-18 09:33:35'),
(859, 291, 25, 'dislike', '2026-04-11 21:33:35'),
(860, 291, 24, 'dislike', '2026-04-13 09:33:35'),
(861, 293, 32, 'dislike', '2026-04-07 16:33:35'),
(862, 293, 8, 'dislike', '2026-04-29 18:33:35'),
(864, 293, 11, 'dislike', '2026-04-09 04:33:35'),
(865, 296, 8, 'dislike', '2026-04-09 23:33:35'),
(866, 296, 7, 'like', '2026-04-26 20:33:35'),
(867, 296, 35, 'like', '2026-04-26 12:33:35'),
(868, 296, 27, 'dislike', '2026-04-11 19:33:35'),
(869, 296, 26, 'like', '2026-05-01 13:33:35'),
(870, 296, 34, 'dislike', '2026-04-23 23:33:35'),
(872, 297, 24, 'dislike', '2026-04-29 06:33:35'),
(874, 297, 25, 'dislike', '2026-04-15 23:33:35'),
(875, 297, 9, 'like', '2026-04-26 07:33:35'),
(876, 297, 8, 'dislike', '2026-03-25 16:33:35'),
(877, 297, 27, 'dislike', '2026-04-29 14:33:35'),
(878, 297, 35, 'dislike', '2026-04-02 18:33:35'),
(879, 298, 35, 'dislike', '2026-04-29 12:33:35'),
(880, 298, 28, 'dislike', '2026-04-21 07:33:35'),
(881, 298, 34, 'like', '2026-04-29 15:33:35'),
(882, 298, 8, 'like', '2026-05-02 19:33:35'),
(883, 298, 25, 'like', '2026-04-02 00:33:35'),
(884, 298, 7, 'like', '2026-04-01 23:33:35'),
(885, 299, 8, 'like', '2026-04-05 03:33:35'),
(886, 299, 25, 'like', '2026-04-03 07:33:35'),
(887, 299, 30, 'dislike', '2026-04-15 09:33:35'),
(888, 299, 33, 'like', '2026-04-07 19:33:35'),
(889, 299, 25, 'dislike', '2026-04-18 14:33:35'),
(890, 299, 27, 'dislike', '2026-04-04 04:33:35'),
(891, 299, 7, 'like', '2026-04-11 22:33:35'),
(892, 299, 35, 'like', '2026-04-10 13:33:35'),
(893, 301, 8, 'dislike', '2026-04-26 13:33:35'),
(894, 301, 32, 'like', '2026-04-27 12:33:35'),
(895, 301, 34, 'dislike', '2026-04-03 02:33:35'),
(896, 302, 26, 'dislike', '2026-04-24 14:33:35'),
(897, 302, 27, 'dislike', '2026-04-28 06:33:35'),
(898, 302, 34, 'like', '2026-04-12 21:33:35'),
(899, 302, 29, 'dislike', '2026-04-16 05:33:35'),
(900, 302, 30, 'like', '2026-05-04 07:33:35'),
(901, 302, 31, 'dislike', '2026-03-31 05:33:35'),
(903, 302, 8, 'like', '2026-04-11 14:33:35'),
(904, 302, 26, 'like', '2026-03-22 02:33:35'),
(905, 303, 33, 'dislike', '2026-04-04 04:33:35'),
(906, 303, 24, 'like', '2026-04-07 04:33:35'),
(907, 304, 11, 'like', '2026-03-30 00:33:35'),
(908, 304, 35, 'dislike', '2026-05-03 07:33:35'),
(909, 304, 30, 'like', '2026-04-19 23:33:35'),
(910, 304, 24, 'dislike', '2026-04-06 09:33:35'),
(912, 305, 34, 'dislike', '2026-03-20 21:33:35'),
(913, 305, 26, 'dislike', '2026-03-26 08:33:35'),
(914, 305, 29, 'like', '2026-03-31 19:33:35'),
(915, 305, 8, 'dislike', '2026-04-21 11:33:35'),
(916, 305, 31, 'like', '2026-04-01 18:33:35'),
(917, 305, 25, 'dislike', '2026-04-25 09:33:35'),
(918, 305, 35, 'like', '2026-04-02 06:33:35'),
(919, 305, 35, 'dislike', '2026-04-12 07:33:35'),
(920, 305, 32, 'like', '2026-04-16 23:33:35'),
(921, 306, 33, 'like', '2026-04-19 22:33:35'),
(922, 306, 35, 'dislike', '2026-03-30 12:33:35'),
(923, 308, 33, 'like', '2026-05-03 13:33:35'),
(924, 308, 26, 'like', '2026-04-16 16:33:35'),
(925, 309, 29, 'like', '2026-04-12 02:33:35'),
(926, 310, 27, 'dislike', '2026-04-24 15:33:35'),
(927, 311, 35, 'dislike', '2026-03-22 20:33:35'),
(928, 313, 29, 'dislike', '2026-03-31 15:33:35'),
(929, 314, 28, 'like', '2026-04-06 09:33:35'),
(930, 315, 31, 'dislike', '2026-04-30 20:33:35'),
(931, 315, 26, 'like', '2026-05-02 00:33:35'),
(932, 315, 11, 'like', '2026-04-01 13:33:35'),
(933, 315, 11, 'dislike', '2026-04-08 08:33:35'),
(934, 315, 32, 'like', '2026-04-17 10:33:35'),
(935, 315, 35, 'like', '2026-04-16 20:33:35'),
(936, 316, 8, 'like', '2026-04-25 21:33:35'),
(937, 316, 24, 'dislike', '2026-04-18 14:33:35'),
(938, 316, 7, 'dislike', '2026-04-19 09:33:35'),
(939, 316, 27, 'dislike', '2026-04-24 17:33:35'),
(940, 316, 31, 'like', '2026-03-31 07:33:35'),
(941, 316, 30, 'dislike', '2026-04-30 23:33:35'),
(942, 316, 32, 'like', '2026-04-05 01:33:35'),
(943, 318, 26, 'dislike', '2026-05-02 07:33:35'),
(944, 318, 11, 'like', '2026-04-20 02:33:35'),
(945, 318, 32, 'dislike', '2026-04-28 04:33:35'),
(946, 318, 7, 'dislike', '2026-04-24 17:33:35'),
(947, 318, 8, 'like', '2026-04-14 21:33:35'),
(948, 318, 28, 'like', '2026-03-25 18:33:35'),
(950, 319, 34, 'dislike', '2026-04-15 03:33:35'),
(951, 319, 28, 'dislike', '2026-04-17 13:33:35'),
(952, 319, 26, 'dislike', '2026-04-07 11:33:35'),
(953, 319, 32, 'like', '2026-05-04 22:33:35'),
(955, 320, 7, 'dislike', '2026-04-02 18:33:35'),
(956, 320, 35, 'dislike', '2026-04-13 17:33:35'),
(957, 322, 28, 'like', '2026-04-12 07:33:36'),
(958, 322, 32, 'dislike', '2026-04-01 10:33:36'),
(959, 322, 8, 'dislike', '2026-04-02 13:33:36'),
(960, 323, 9, 'dislike', '2026-04-10 00:33:36'),
(962, 323, 7, 'like', '2026-04-24 16:33:36'),
(963, 323, 31, 'dislike', '2026-04-12 08:33:36'),
(964, 323, 26, 'like', '2026-03-20 12:33:36'),
(965, 323, 32, 'dislike', '2026-04-04 10:33:36'),
(966, 324, 11, 'like', '2026-04-22 01:33:36'),
(967, 324, 34, 'like', '2026-04-04 04:33:36'),
(968, 324, 8, 'like', '2026-03-27 11:33:36'),
(969, 324, 32, 'dislike', '2026-04-10 05:33:36'),
(970, 324, 28, 'dislike', '2026-04-10 12:33:36'),
(971, 324, 25, 'dislike', '2026-04-30 12:33:36'),
(972, 324, 24, 'like', '2026-04-26 03:33:36'),
(973, 324, 9, 'like', '2026-05-03 22:33:36'),
(974, 324, 26, 'like', '2026-04-08 22:33:36'),
(975, 325, 28, 'dislike', '2026-04-04 22:33:36'),
(976, 325, 26, 'like', '2026-04-06 02:33:36'),
(977, 325, 31, 'dislike', '2026-04-13 09:33:36'),
(978, 325, 28, 'like', '2026-04-09 20:33:36'),
(979, 325, 34, 'dislike', '2026-05-04 18:33:36'),
(980, 325, 25, 'dislike', '2026-04-17 03:33:36'),
(981, 326, 24, 'like', '2026-03-25 09:33:36'),
(982, 326, 31, 'like', '2026-03-31 17:33:36'),
(985, 326, 29, 'dislike', '2026-03-29 12:33:36'),
(986, 326, 7, 'like', '2026-03-27 02:33:36'),
(987, 326, 35, 'dislike', '2026-03-27 03:33:36'),
(988, 327, 24, 'like', '2026-04-30 20:33:36'),
(989, 330, 29, 'like', '2026-03-26 03:33:36'),
(990, 332, 26, 'dislike', '2026-04-30 13:33:36'),
(991, 333, 24, 'like', '2026-03-31 16:33:36'),
(992, 333, 33, 'dislike', '2026-04-23 13:33:36'),
(993, 333, 31, 'dislike', '2026-04-15 23:33:36'),
(994, 333, 25, 'dislike', '2026-04-28 22:33:36'),
(995, 333, 35, 'dislike', '2026-04-07 04:33:36'),
(996, 333, 26, 'like', '2026-04-04 07:33:36'),
(997, 333, 27, 'like', '2026-04-01 07:33:36'),
(998, 333, 32, 'dislike', '2026-05-02 21:33:36'),
(999, 333, 34, 'dislike', '2026-04-03 04:33:36'),
(1000, 333, 28, 'like', '2026-03-21 04:33:36'),
(1001, 334, 30, 'dislike', '2026-04-17 11:33:36'),
(1002, 335, 7, 'dislike', '2026-03-28 15:33:36'),
(1003, 335, 31, 'like', '2026-05-03 06:33:36'),
(1004, 335, 24, 'dislike', '2026-03-25 13:33:36'),
(1005, 335, 35, 'like', '2026-04-23 18:33:36'),
(1006, 337, 30, 'dislike', '2026-04-20 08:33:36'),
(1007, 337, 11, 'like', '2026-03-25 19:33:36'),
(1008, 337, 24, 'dislike', '2026-05-02 08:33:36'),
(1009, 337, 25, 'like', '2026-03-20 16:33:36'),
(1011, 337, 7, 'like', '2026-03-24 05:33:36'),
(1012, 337, 7, 'dislike', '2026-04-07 23:33:36'),
(1013, 338, 24, 'dislike', '2026-04-01 00:33:36'),
(1014, 339, 33, 'dislike', '2026-04-30 05:33:36'),
(1015, 339, 24, 'dislike', '2026-04-12 16:33:36'),
(1016, 339, 30, 'like', '2026-04-22 19:33:36'),
(1017, 339, 7, 'like', '2026-04-01 07:33:36'),
(1018, 340, 30, 'dislike', '2026-04-27 16:33:36'),
(1019, 340, 31, 'like', '2026-04-04 05:33:36'),
(1020, 340, 35, 'like', '2026-04-01 02:33:36'),
(1021, 340, 25, 'like', '2026-04-15 21:33:36'),
(1022, 340, 28, 'dislike', '2026-04-04 17:33:36'),
(1023, 340, 9, 'like', '2026-05-03 21:33:36'),
(1025, 340, 8, 'dislike', '2026-04-18 11:33:36'),
(1026, 340, 31, 'dislike', '2026-04-12 05:33:36'),
(1027, 340, 33, 'like', '2026-04-10 08:33:36'),
(1028, 341, 25, 'dislike', '2026-04-02 04:33:36'),
(1029, 341, 8, 'like', '2026-04-27 12:33:36'),
(1030, 341, 9, 'like', '2026-04-23 20:33:36'),
(1031, 342, 31, 'like', '2026-05-01 04:33:36'),
(1032, 344, 31, 'like', '2026-04-04 03:33:36'),
(1033, 344, 32, 'like', '2026-04-18 17:33:36'),
(1035, 344, 30, 'dislike', '2026-04-03 10:33:36'),
(1036, 344, 8, 'like', '2026-03-25 06:33:36'),
(1037, 344, 24, 'like', '2026-04-06 01:33:36'),
(1038, 344, 8, 'dislike', '2026-03-30 23:33:36'),
(1039, 344, 33, 'like', '2026-04-04 00:33:36'),
(1040, 344, 7, 'like', '2026-04-28 17:33:36'),
(1041, 345, 7, 'dislike', '2026-04-28 23:33:36'),
(1042, 345, 8, 'like', '2026-04-15 14:33:36'),
(1043, 345, 29, 'dislike', '2026-04-10 15:33:36'),
(1044, 345, 28, 'like', '2026-04-22 10:33:36'),
(1045, 345, 29, 'like', '2026-03-24 08:33:36'),
(1046, 345, 35, 'dislike', '2026-03-30 02:33:36'),
(1047, 346, 34, 'like', '2026-04-23 19:33:36'),
(1048, 346, 33, 'dislike', '2026-04-19 09:33:36'),
(1049, 346, 32, 'like', '2026-04-23 21:33:36'),
(1050, 346, 8, 'dislike', '2026-04-07 11:33:36'),
(1051, 346, 31, 'dislike', '2026-04-19 08:33:36'),
(1052, 346, 25, 'dislike', '2026-04-09 05:33:36'),
(1053, 346, 9, 'like', '2026-04-25 03:33:36'),
(1056, 347, 27, 'dislike', '2026-05-03 09:33:36'),
(1058, 347, 8, 'like', '2026-04-17 18:33:36'),
(1059, 347, 24, 'like', '2026-05-03 10:33:36'),
(1061, 347, 29, 'dislike', '2026-05-02 01:33:36'),
(1062, 348, 11, 'like', '2026-04-07 12:33:36'),
(1063, 348, 35, 'like', '2026-04-19 23:33:36'),
(1064, 348, 34, 'dislike', '2026-04-08 15:33:36'),
(1065, 348, 8, 'like', '2026-03-20 08:33:36'),
(1066, 348, 25, 'like', '2026-04-20 09:33:36'),
(1067, 349, 33, 'dislike', '2026-04-07 02:33:36'),
(1068, 349, 27, 'like', '2026-05-04 11:33:36'),
(1069, 349, 29, 'dislike', '2026-05-04 23:33:36'),
(1070, 349, 9, 'like', '2026-03-24 14:33:36'),
(1071, 349, 29, 'like', '2026-03-31 22:33:36'),
(1072, 349, 26, 'dislike', '2026-04-08 20:33:36'),
(1073, 349, 35, 'like', '2026-03-23 16:33:36'),
(1074, 350, 11, 'dislike', '2026-04-19 03:33:36'),
(1075, 350, 32, 'dislike', '2026-04-14 18:33:36'),
(1076, 350, 34, 'dislike', '2026-03-21 04:33:36'),
(1077, 350, 30, 'dislike', '2026-04-12 01:33:36'),
(1078, 350, 11, 'like', '2026-04-05 12:33:36'),
(1080, 350, 9, 'like', '2026-03-31 11:33:36'),
(1081, 352, 31, 'dislike', '2026-03-26 04:33:36'),
(1082, 352, 32, 'dislike', '2026-04-16 19:33:36'),
(1083, 352, 29, 'like', '2026-04-17 11:33:36'),
(1084, 352, 33, 'dislike', '2026-04-15 18:33:36'),
(1085, 352, 11, 'dislike', '2026-04-14 03:33:36'),
(1086, 352, 24, 'dislike', '2026-05-01 23:33:36'),
(1087, 352, 28, 'like', '2026-04-12 08:33:36'),
(1088, 352, 26, 'like', '2026-05-03 22:33:36'),
(1089, 352, 35, 'dislike', '2026-04-09 22:33:36'),
(1090, 353, 25, 'like', '2026-04-18 17:33:36'),
(1091, 353, 29, 'like', '2026-04-29 15:33:36'),
(1092, 353, 24, 'dislike', '2026-04-15 13:33:36'),
(1093, 353, 26, 'like', '2026-04-27 02:33:36'),
(1094, 353, 33, 'like', '2026-04-03 13:33:36'),
(1096, 353, 7, 'dislike', '2026-04-16 01:33:36'),
(1097, 353, 11, 'like', '2026-03-27 05:33:36'),
(1099, 353, 8, 'like', '2026-03-23 21:33:36'),
(1100, 354, 35, 'dislike', '2026-03-20 21:33:36'),
(1101, 354, 8, 'dislike', '2026-04-09 07:33:36'),
(1102, 354, 34, 'like', '2026-04-14 16:33:36'),
(1103, 354, 33, 'like', '2026-03-26 09:33:36'),
(1104, 355, 32, 'like', '2026-03-28 09:33:36'),
(1105, 355, 7, 'like', '2026-03-25 17:33:36'),
(1106, 355, 8, 'like', '2026-03-29 01:33:36'),
(1107, 355, 34, 'dislike', '2026-05-02 03:33:36'),
(1108, 355, 7, 'dislike', '2026-04-27 11:33:36'),
(1110, 356, 33, 'dislike', '2026-04-11 09:33:36'),
(1111, 356, 27, 'dislike', '2026-03-20 12:33:36'),
(1112, 356, 29, 'like', '2026-03-29 18:33:36'),
(1113, 356, 26, 'dislike', '2026-05-03 05:33:36'),
(1114, 356, 24, 'like', '2026-04-24 08:33:36'),
(1115, 356, 35, 'like', '2026-03-23 01:33:36'),
(1116, 356, 24, 'dislike', '2026-04-06 12:33:36'),
(1118, 357, 28, 'dislike', '2026-05-03 10:33:36'),
(1119, 357, 9, 'dislike', '2026-04-02 11:33:36'),
(1120, 357, 26, 'dislike', '2026-04-03 19:33:36'),
(1121, 357, 11, 'dislike', '2026-04-17 12:33:36'),
(1122, 357, 29, 'dislike', '2026-03-29 06:33:36'),
(1123, 357, 7, 'like', '2026-05-01 16:33:36'),
(1124, 358, 34, 'like', '2026-04-14 19:33:36'),
(1125, 359, 31, 'dislike', '2026-04-05 06:33:36'),
(1126, 359, 8, 'like', '2026-04-27 18:33:36'),
(1127, 359, 9, 'like', '2026-04-24 05:33:36'),
(1128, 359, 7, 'like', '2026-04-29 13:33:36'),
(1129, 359, 24, 'dislike', '2026-04-15 05:33:36'),
(1130, 359, 34, 'dislike', '2026-04-26 03:33:36'),
(1131, 359, 26, 'dislike', '2026-04-08 12:33:36'),
(1132, 359, 33, 'like', '2026-04-18 13:33:36'),
(1133, 360, 30, 'like', '2026-03-29 06:33:36'),
(1134, 360, 32, 'like', '2026-03-25 06:33:36'),
(1135, 360, 26, 'dislike', '2026-03-31 08:33:36'),
(1136, 360, 33, 'dislike', '2026-04-21 23:33:36'),
(1137, 360, 9, 'like', '2026-03-28 05:33:36'),
(1138, 360, 7, 'dislike', '2026-04-18 19:33:36'),
(1139, 360, 11, 'like', '2026-04-19 01:33:36'),
(1140, 360, 28, 'like', '2026-04-28 10:33:36'),
(1142, 360, 34, 'like', '2026-04-19 08:33:36'),
(1143, 361, 9, 'like', '2026-04-30 13:33:36'),
(1145, 361, 7, 'like', '2026-03-26 14:33:36'),
(1146, 361, 8, 'dislike', '2026-03-21 17:33:36'),
(1147, 362, 34, 'like', '2026-03-30 06:33:36'),
(1148, 362, 35, 'dislike', '2026-04-05 18:33:36'),
(1149, 362, 32, 'dislike', '2026-04-23 09:33:36'),
(1150, 363, 34, 'dislike', '2026-04-08 20:33:36'),
(1151, 363, 25, 'like', '2026-04-11 05:33:36'),
(1152, 363, 30, 'like', '2026-03-26 16:33:36'),
(1153, 363, 28, 'like', '2026-04-03 16:33:36'),
(1154, 364, 7, 'like', '2026-04-14 07:33:36'),
(1155, 364, 35, 'like', '2026-03-21 16:33:36'),
(1156, 364, 26, 'dislike', '2026-04-05 05:33:36'),
(1157, 364, 28, 'like', '2026-05-03 20:33:36'),
(1158, 364, 25, 'dislike', '2026-03-24 12:33:36'),
(1159, 364, 8, 'dislike', '2026-04-14 18:33:36'),
(1160, 365, 29, 'like', '2026-03-23 19:33:36'),
(1161, 365, 27, 'like', '2026-04-01 20:33:36'),
(1162, 365, 7, 'dislike', '2026-03-22 20:33:36'),
(1163, 365, 35, 'dislike', '2026-04-09 14:33:36'),
(1164, 365, 32, 'like', '2026-03-22 10:33:36'),
(1165, 366, 7, 'like', '2026-04-26 09:33:36'),
(1166, 366, 25, 'like', '2026-04-10 19:33:36'),
(1167, 366, 8, 'dislike', '2026-04-25 02:33:36'),
(1168, 366, 11, 'like', '2026-04-14 19:33:36'),
(1169, 366, 24, 'like', '2026-03-29 17:33:36'),
(1170, 366, 29, 'dislike', '2026-04-02 13:33:36'),
(1171, 366, 27, 'dislike', '2026-04-03 15:33:36'),
(1172, 366, 24, 'dislike', '2026-04-27 01:33:36'),
(1173, 366, 8, 'like', '2026-04-16 13:33:36'),
(1175, 367, 29, 'like', '2026-04-12 10:33:36'),
(1176, 369, 11, 'like', '2026-04-13 00:33:36'),
(1178, 370, 27, 'like', '2026-04-01 10:33:36'),
(1179, 370, 30, 'dislike', '2026-03-20 14:33:36'),
(1180, 370, 32, 'dislike', '2026-04-11 11:33:36');
INSERT INTO `reactions` (`id`, `post_id`, `user_id`, `reaction_type`, `created_at`) VALUES
(1182, 371, 25, 'like', '2026-03-24 17:33:36'),
(1183, 371, 9, 'like', '2026-05-01 09:33:36'),
(1184, 371, 11, 'like', '2026-04-17 15:33:36'),
(1185, 371, 24, 'like', '2026-04-02 23:33:36'),
(1186, 371, 30, 'like', '2026-04-03 13:33:36'),
(1187, 371, 27, 'dislike', '2026-03-21 07:33:36'),
(1188, 371, 33, 'dislike', '2026-04-23 11:33:36'),
(1189, 371, 7, 'dislike', '2026-03-31 15:33:36'),
(1190, 372, 32, 'like', '2026-04-21 02:33:36'),
(1191, 372, 8, 'like', '2026-04-28 15:33:36'),
(1192, 374, 28, 'dislike', '2026-03-23 03:33:36'),
(1193, 374, 31, 'like', '2026-04-14 13:33:36'),
(1194, 374, 35, 'dislike', '2026-03-20 10:33:36'),
(1195, 374, 24, 'like', '2026-04-01 09:33:36'),
(1196, 374, 33, 'dislike', '2026-05-01 11:33:36'),
(1197, 374, 9, 'dislike', '2026-04-08 11:33:36'),
(1198, 374, 8, 'like', '2026-03-25 14:33:36'),
(1199, 375, 28, 'like', '2026-04-03 08:33:36'),
(1200, 375, 25, 'like', '2026-03-27 19:33:36'),
(1201, 375, 35, 'like', '2026-04-21 14:33:36'),
(1202, 375, 26, 'like', '2026-04-24 06:33:36'),
(1203, 376, 32, 'like', '2026-04-30 17:33:36'),
(1204, 376, 30, 'dislike', '2026-03-26 23:33:36'),
(1205, 376, 28, 'dislike', '2026-03-22 07:33:36'),
(1206, 376, 25, 'like', '2026-03-29 14:33:36'),
(1207, 376, 24, 'dislike', '2026-04-02 10:33:36'),
(1208, 377, 32, 'like', '2026-03-27 00:33:36'),
(1209, 377, 34, 'like', '2026-04-28 03:33:36'),
(1210, 377, 25, 'like', '2026-03-26 01:33:36'),
(1211, 377, 9, 'like', '2026-04-28 01:33:36'),
(1212, 377, 26, 'like', '2026-04-15 18:33:36'),
(1213, 377, 32, 'dislike', '2026-05-01 20:33:36'),
(1215, 377, 9, 'dislike', '2026-03-21 03:33:36'),
(1216, 378, 11, 'dislike', '2026-04-30 06:33:36'),
(1217, 378, 35, 'dislike', '2026-05-04 00:33:36'),
(1218, 378, 30, 'dislike', '2026-04-15 01:33:36'),
(1219, 378, 34, 'like', '2026-05-04 21:33:36'),
(1220, 378, 34, 'dislike', '2026-05-01 05:33:36'),
(1221, 378, 24, 'like', '2026-04-03 14:33:36'),
(1222, 378, 33, 'dislike', '2026-03-20 12:33:36'),
(1224, 378, 26, 'like', '2026-05-05 01:33:36'),
(1226, 379, 35, 'dislike', '2026-04-02 18:33:36'),
(1227, 379, 29, 'dislike', '2026-04-29 21:33:36'),
(1228, 379, 29, 'like', '2026-04-12 00:33:36'),
(1229, 379, 30, 'like', '2026-03-30 02:33:36'),
(1230, 379, 11, 'like', '2026-03-26 00:33:36'),
(1231, 379, 25, 'dislike', '2026-04-11 17:33:36'),
(1232, 379, 26, 'dislike', '2026-04-26 22:33:36'),
(1233, 379, 27, 'like', '2026-04-06 02:33:36'),
(1235, 379, 33, 'dislike', '2026-03-24 16:33:36'),
(1236, 380, 26, 'like', '2026-03-21 17:33:36'),
(1237, 380, 11, 'like', '2026-04-12 08:33:36'),
(1239, 380, 32, 'dislike', '2026-04-23 18:33:36'),
(1240, 380, 33, 'like', '2026-04-17 12:33:36'),
(1241, 380, 24, 'like', '2026-04-11 14:33:36'),
(1242, 380, 25, 'like', '2026-03-24 15:33:36'),
(1243, 381, 28, 'like', '2026-04-22 16:33:36'),
(1244, 381, 24, 'dislike', '2026-04-15 00:33:36'),
(1245, 381, 32, 'dislike', '2026-03-24 01:33:36'),
(1246, 381, 8, 'dislike', '2026-04-23 03:33:36'),
(1247, 382, 25, 'dislike', '2026-05-01 04:33:36'),
(1248, 382, 32, 'like', '2026-05-03 08:33:36'),
(1249, 383, 35, 'dislike', '2026-03-29 20:33:36'),
(1250, 383, 11, 'like', '2026-04-18 13:33:36'),
(1251, 383, 11, 'dislike', '2026-04-09 15:33:36'),
(1252, 383, 28, 'like', '2026-04-27 09:33:36'),
(1253, 384, 35, 'like', '2026-04-17 03:33:36'),
(1254, 384, 32, 'dislike', '2026-04-12 21:33:36'),
(1255, 384, 34, 'like', '2026-04-02 20:33:36'),
(1256, 384, 26, 'like', '2026-04-07 02:33:36'),
(1257, 384, 31, 'dislike', '2026-04-20 09:33:36'),
(1259, 384, 27, 'like', '2026-03-31 20:33:36'),
(1260, 384, 9, 'dislike', '2026-04-20 18:33:36'),
(1261, 384, 28, 'dislike', '2026-03-29 19:33:36'),
(1262, 384, 34, 'dislike', '2026-04-07 06:33:36'),
(1263, 385, 24, 'dislike', '2026-04-05 20:33:36'),
(1264, 385, 27, 'like', '2026-04-22 06:33:36'),
(1265, 385, 33, 'dislike', '2026-05-04 02:33:36'),
(1266, 385, 30, 'dislike', '2026-03-27 02:33:36'),
(1267, 385, 29, 'like', '2026-04-18 09:33:36'),
(1268, 386, 32, 'dislike', '2026-03-23 16:33:36'),
(1269, 386, 11, 'dislike', '2026-03-23 23:33:36'),
(1270, 386, 11, 'like', '2026-03-26 08:33:36'),
(1271, 386, 32, 'like', '2026-03-30 17:33:36'),
(1272, 386, 33, 'dislike', '2026-05-02 20:33:36'),
(1273, 386, 27, 'dislike', '2026-03-26 13:33:36'),
(1274, 386, 27, 'like', '2026-04-26 14:33:36'),
(1276, 386, 30, 'dislike', '2026-04-20 03:33:36'),
(1277, 386, 29, 'like', '2026-03-25 20:33:36'),
(1278, 387, 29, 'dislike', '2026-03-30 07:33:36'),
(1279, 388, 31, 'dislike', '2026-04-27 23:33:36'),
(1280, 388, 11, 'like', '2026-03-31 11:33:36'),
(1281, 389, 33, 'dislike', '2026-04-17 11:33:36'),
(1282, 389, 27, 'like', '2026-03-30 22:33:36'),
(1283, 389, 25, 'dislike', '2026-05-01 02:33:36'),
(1284, 389, 34, 'like', '2026-04-26 21:33:36'),
(1285, 389, 25, 'like', '2026-03-28 18:33:36'),
(1286, 389, 27, 'dislike', '2026-03-20 14:33:36'),
(1287, 389, 31, 'dislike', '2026-04-07 01:33:36'),
(1289, 389, 9, 'dislike', '2026-04-21 21:33:36'),
(1291, 390, 26, 'dislike', '2026-04-06 10:33:36'),
(1292, 390, 28, 'dislike', '2026-04-03 20:33:36'),
(1293, 390, 26, 'like', '2026-05-03 16:33:36'),
(1294, 390, 28, 'like', '2026-05-04 06:33:36'),
(1295, 391, 9, 'dislike', '2026-04-29 05:33:36'),
(1296, 391, 24, 'like', '2026-04-18 07:33:36'),
(1297, 391, 29, 'like', '2026-03-30 23:33:36'),
(1298, 392, 31, 'like', '2026-04-11 17:33:36'),
(1299, 393, 25, 'like', '2026-04-08 08:33:36'),
(1300, 393, 30, 'dislike', '2026-04-06 22:33:36'),
(1301, 393, 33, 'dislike', '2026-04-20 19:33:36'),
(1302, 394, 33, 'like', '2026-03-31 14:33:36'),
(1303, 394, 29, 'dislike', '2026-03-30 19:33:36'),
(1304, 394, 7, 'like', '2026-04-06 00:33:36'),
(1305, 394, 31, 'like', '2026-04-23 05:33:36'),
(1306, 394, 9, 'dislike', '2026-03-22 12:33:36'),
(1308, 395, 35, 'like', '2026-04-10 09:33:36'),
(1309, 395, 31, 'like', '2026-04-07 01:33:36'),
(1310, 395, 24, 'dislike', '2026-04-07 11:33:36'),
(1311, 395, 7, 'like', '2026-04-26 17:33:36'),
(1312, 395, 28, 'like', '2026-04-22 09:33:36'),
(1313, 395, 9, 'dislike', '2026-03-30 12:33:36'),
(1314, 395, 31, 'dislike', '2026-03-22 14:33:36'),
(1315, 395, 26, 'like', '2026-03-20 06:33:36'),
(1316, 395, 35, 'dislike', '2026-04-05 19:33:36'),
(1317, 396, 9, 'dislike', '2026-04-06 17:33:36'),
(1318, 396, 29, 'dislike', '2026-03-29 19:33:36'),
(1319, 397, 11, 'like', '2026-04-25 21:33:36'),
(1320, 397, 33, 'dislike', '2026-04-05 02:33:36'),
(1321, 397, 35, 'dislike', '2026-05-02 02:33:36'),
(1322, 398, 33, 'dislike', '2026-04-14 16:33:36'),
(1323, 398, 25, 'like', '2026-04-02 00:33:36'),
(1324, 398, 25, 'dislike', '2026-04-25 21:33:36'),
(1325, 398, 24, 'like', '2026-03-25 04:33:36'),
(1326, 398, 29, 'like', '2026-04-20 03:33:36'),
(1327, 401, 25, 'dislike', '2026-04-24 15:33:36'),
(1328, 401, 30, 'dislike', '2026-04-07 22:33:36'),
(1330, 401, 32, 'like', '2026-04-18 11:33:36'),
(1331, 401, 31, 'like', '2026-04-14 17:33:36'),
(1333, 401, 7, 'like', '2026-04-29 01:33:36'),
(1334, 401, 34, 'like', '2026-03-21 21:33:36'),
(1335, 401, 24, 'dislike', '2026-04-18 14:33:36'),
(1336, 402, 24, 'dislike', '2026-04-10 16:33:36'),
(1337, 402, 7, 'dislike', '2026-03-22 15:33:36'),
(1338, 402, 32, 'like', '2026-04-08 17:33:36'),
(1339, 402, 11, 'like', '2026-04-12 17:33:36'),
(1340, 403, 28, 'dislike', '2026-04-01 02:33:36'),
(1341, 403, 35, 'like', '2026-04-21 19:33:36'),
(1343, 403, 34, 'like', '2026-04-18 19:33:36'),
(1344, 403, 25, 'dislike', '2026-05-05 02:33:36'),
(1345, 403, 25, 'like', '2026-03-24 09:33:36'),
(1346, 403, 30, 'dislike', '2026-03-23 16:33:36'),
(1347, 403, 32, 'dislike', '2026-04-10 01:33:36'),
(1348, 404, 11, 'like', '2026-03-26 18:33:36'),
(1349, 405, 31, 'dislike', '2026-03-27 12:33:36'),
(1350, 405, 32, 'like', '2026-04-24 04:33:36'),
(1351, 405, 8, 'dislike', '2026-03-21 02:33:36'),
(1352, 405, 9, 'dislike', '2026-03-30 05:33:36'),
(1353, 405, 34, 'dislike', '2026-03-28 14:33:36'),
(1354, 405, 28, 'like', '2026-03-31 19:33:36'),
(1357, 405, 26, 'like', '2026-04-21 02:33:36'),
(1358, 405, 9, 'like', '2026-03-30 02:33:36'),
(1359, 406, 27, 'like', '2026-03-24 19:33:36'),
(1360, 406, 33, 'dislike', '2026-04-15 08:33:36'),
(1361, 406, 28, 'like', '2026-04-08 21:33:36'),
(1362, 406, 25, 'like', '2026-05-01 16:33:36'),
(1364, 406, 32, 'like', '2026-04-16 02:33:36'),
(1365, 406, 7, 'dislike', '2026-04-24 06:33:36'),
(1366, 407, 31, 'like', '2026-03-23 05:33:36'),
(1367, 407, 34, 'dislike', '2026-04-16 12:33:36'),
(1368, 407, 28, 'like', '2026-04-15 17:33:36'),
(1369, 407, 33, 'like', '2026-04-04 05:33:36'),
(1370, 407, 11, 'like', '2026-04-10 19:33:36'),
(1371, 407, 35, 'dislike', '2026-04-12 21:33:36'),
(1372, 407, 24, 'like', '2026-03-28 11:33:36'),
(1373, 407, 7, 'like', '2026-04-22 21:33:36'),
(1374, 407, 27, 'like', '2026-04-04 04:33:36'),
(1376, 409, 34, 'dislike', '2026-04-27 05:33:36'),
(1377, 409, 30, 'like', '2026-03-21 23:33:36'),
(1378, 409, 34, 'like', '2026-03-24 08:33:36'),
(1379, 409, 25, 'dislike', '2026-04-26 14:33:36'),
(1380, 409, 24, 'dislike', '2026-03-27 08:33:36'),
(1382, 409, 9, 'like', '2026-04-05 20:33:36'),
(1383, 410, 31, 'dislike', '2026-05-04 06:33:36'),
(1384, 410, 28, 'dislike', '2026-05-01 14:33:36'),
(1385, 410, 31, 'like', '2026-04-25 10:33:36'),
(1386, 410, 26, 'like', '2026-04-13 15:33:36'),
(1387, 410, 30, 'dislike', '2026-04-20 08:33:36'),
(1388, 412, 25, 'dislike', '2026-03-23 09:33:36'),
(1389, 412, 24, 'dislike', '2026-05-03 20:33:36'),
(1390, 412, 26, 'like', '2026-04-14 06:33:36'),
(1392, 412, 29, 'dislike', '2026-03-28 18:33:36'),
(1393, 412, 31, 'dislike', '2026-04-22 07:33:36'),
(1394, 412, 32, 'dislike', '2026-03-31 01:33:36'),
(1396, 412, 8, 'like', '2026-03-23 18:33:36'),
(1397, 413, 33, 'like', '2026-03-21 23:33:36'),
(1398, 413, 8, 'like', '2026-05-03 05:33:36'),
(1399, 413, 35, 'like', '2026-04-12 18:33:36'),
(1401, 413, 24, 'dislike', '2026-04-06 08:33:36'),
(1402, 413, 34, 'dislike', '2026-04-20 17:33:36'),
(1403, 413, 29, 'dislike', '2026-04-02 09:33:36'),
(1404, 413, 27, 'like', '2026-04-22 23:33:36'),
(1405, 413, 32, 'dislike', '2026-04-12 06:33:36'),
(1407, 414, 34, 'like', '2026-04-17 20:33:36'),
(1408, 414, 24, 'dislike', '2026-05-04 23:33:36'),
(1409, 414, 31, 'like', '2026-04-27 13:33:36'),
(1410, 414, 11, 'dislike', '2026-04-08 17:33:36'),
(1411, 414, 29, 'like', '2026-04-10 13:33:36'),
(1412, 414, 9, 'dislike', '2026-03-23 07:33:36'),
(1413, 414, 30, 'dislike', '2026-04-05 02:33:36'),
(1415, 414, 7, 'dislike', '2026-04-21 15:33:36'),
(1416, 414, 33, 'like', '2026-04-29 16:33:36'),
(1417, 415, 32, 'dislike', '2026-04-15 23:33:36'),
(1418, 415, 29, 'dislike', '2026-03-20 23:33:36'),
(1419, 415, 35, 'like', '2026-04-16 11:33:36'),
(1420, 415, 7, 'dislike', '2026-04-16 03:33:36'),
(1421, 415, 11, 'like', '2026-04-03 13:33:36'),
(1422, 415, 26, 'like', '2026-05-01 00:33:36'),
(1423, 416, 8, 'like', '2026-05-01 05:33:36'),
(1424, 416, 11, 'dislike', '2026-03-22 13:33:36'),
(1425, 417, 24, 'dislike', '2026-03-22 07:33:36'),
(1426, 417, 9, 'like', '2026-04-24 01:33:36'),
(1427, 417, 25, 'like', '2026-04-01 17:33:36'),
(1428, 417, 26, 'like', '2026-04-03 10:33:36'),
(1429, 418, 24, 'dislike', '2026-03-27 17:33:36'),
(1430, 418, 26, 'like', '2026-03-21 23:33:36'),
(1431, 418, 8, 'like', '2026-04-25 01:33:36'),
(1432, 418, 9, 'dislike', '2026-04-10 10:33:36'),
(1433, 418, 29, 'like', '2026-04-17 08:33:36'),
(1434, 418, 35, 'like', '2026-03-30 15:33:36'),
(1435, 418, 33, 'like', '2026-04-09 06:33:36'),
(1436, 418, 11, 'dislike', '2026-04-10 05:33:36'),
(1437, 418, 7, 'dislike', '2026-05-04 09:33:36'),
(1438, 418, 27, 'like', '2026-04-25 00:33:36'),
(1439, 419, 25, 'dislike', '2026-04-15 21:33:36'),
(1440, 419, 31, 'like', '2026-04-16 19:33:36'),
(1441, 419, 32, 'dislike', '2026-04-24 07:33:36'),
(1442, 419, 9, 'like', '2026-04-07 07:33:36'),
(1443, 419, 35, 'dislike', '2026-04-28 11:33:36'),
(1444, 419, 29, 'dislike', '2026-04-18 07:33:36');

-- --------------------------------------------------------

--
-- Structure de la table `report`
--

DROP TABLE IF EXISTS `report`;
CREATE TABLE IF NOT EXISTS `report` (
  `id` int NOT NULL AUTO_INCREMENT,
  `reporter_user_id` int DEFAULT NULL,
  `reported_user_id` int DEFAULT NULL,
  `post_id` int DEFAULT NULL,
  `reason` text CHARACTER SET utf8mb4 COLLATE utf8mb4_unicode_ci NOT NULL,
  `decision_reason` text CHARACTER SET utf8mb4 COLLATE utf8mb4_unicode_ci,
  `status` enum('pending','accepted','rejected') CHARACTER SET utf8mb4 COLLATE utf8mb4_unicode_ci NOT NULL DEFAULT 'pending',
  `created_at` timestamp NOT NULL DEFAULT CURRENT_TIMESTAMP,
  `processed_at` timestamp NULL DEFAULT NULL,
  `processed_by` int DEFAULT NULL,
  PRIMARY KEY (`id`),
  KEY `idx_report_status` (`status`),
  KEY `idx_report_created` (`created_at`),
  KEY `idx_report_reporter` (`reporter_user_id`),
  KEY `idx_report_reported` (`reported_user_id`),
  KEY `idx_report_post` (`post_id`),
  KEY `idx_report_processed_by` (`processed_by`)
) ENGINE=InnoDB AUTO_INCREMENT=728 DEFAULT CHARSET=utf8mb4 COLLATE=utf8mb4_unicode_ci;

--
-- Déchargement des données de la table `report`
--

INSERT INTO `report` (`id`, `reporter_user_id`, `reported_user_id`, `post_id`, `reason`, `decision_reason`, `status`, `created_at`, `processed_at`, `processed_by`) VALUES
(1, 7, 8, NULL, 'insulte', 'les insultes ne sont pas tolerer.', 'accepted', '2026-05-05 01:48:54', '2026-05-05 01:51:30', 9),
(2, 8, 7, NULL, 'insuportable', 'Merci de ne pas spam warn', 'rejected', '2026-05-05 01:49:13', '2026-05-05 01:51:50', 9),
(3, 9, 7, NULL, 'Test des  signalement, refuser ce dernier', 'test concluant', 'rejected', '2026-05-05 02:10:45', '2026-05-05 02:21:06', 9),
(4, 9, NULL, NULL, 'insulte', 'Les insultes ne sont pas tolerer', 'accepted', '2026-05-05 02:27:07', '2026-05-05 02:27:34', 9),
(5, 9, NULL, NULL, 'propos homophobe', 'L\'homophobie n\'est pas tolerer', 'accepted', '2026-05-05 02:27:19', '2026-05-05 02:27:47', 9),
(6, 9, NULL, NULL, 'insulte', 'les insulte ne sont pas tolerer', 'accepted', '2026-05-05 02:30:32', '2026-05-05 02:30:44', 9),
(7, 7, 11, NULL, 'homophobie', 'homophobie interdite', 'accepted', '2026-05-05 02:42:12', '2026-05-05 02:42:23', 7),
(8, 17, 17, 44, 'signalement automatique', 'revue manuelle', 'rejected', '2026-05-05 03:30:29', '2026-05-05 03:30:29', 9),
(9, 21, 12, 47, 'signalement automatique', 'revue manuelle', 'pending', '2026-05-05 03:30:29', '2026-05-05 03:30:29', 9),
(10, 11, 22, 48, 'signalement automatique', 'revue manuelle', 'accepted', '2026-05-05 03:30:29', '2026-05-05 03:30:29', 9),
(11, 8, 11, 54, 'signalement automatique', 'revue manuelle', 'rejected', '2026-05-05 03:30:29', '2026-05-05 03:30:29', 9),
(12, 23, 12, 55, 'signalement automatique', 'revue manuelle', 'rejected', '2026-05-05 03:30:29', '2026-05-05 03:30:29', 9),
(13, 16, 19, 60, 'signalement automatique', 'revue manuelle', 'rejected', '2026-05-05 03:30:29', '2026-05-05 03:30:29', 9),
(14, 14, 16, 67, 'signalement automatique', 'revue manuelle', 'pending', '2026-05-05 03:30:29', '2026-05-05 03:30:29', 9),
(15, 9, 20, 71, 'signalement automatique', 'revue manuelle', 'pending', '2026-05-05 03:30:29', '2026-05-05 03:30:29', 9),
(16, 15, 19, 74, 'signalement automatique', 'revue manuelle', 'rejected', '2026-05-05 03:30:29', '2026-05-05 03:30:29', 9),
(17, 9, 21, 84, 'signalement automatique', 'revue manuelle', 'accepted', '2026-05-05 03:30:29', '2026-05-05 03:30:29', 9),
(18, 11, 20, 87, 'signalement automatique', 'revue manuelle', 'accepted', '2026-05-05 03:30:30', '2026-05-05 03:30:30', 9),
(19, 15, 21, 94, 'signalement automatique', 'revue manuelle', 'accepted', '2026-05-05 03:30:30', '2026-05-05 03:30:30', 9),
(20, 11, 20, 96, 'signalement automatique', 'revue manuelle', 'rejected', '2026-05-05 03:30:30', '2026-05-05 03:30:30', 9),
(21, 13, 19, 104, 'signalement automatique', 'revue manuelle', 'rejected', '2026-05-05 03:30:30', '2026-05-05 03:30:30', 9),
(22, 17, 21, 110, 'signalement automatique', 'revue manuelle', 'rejected', '2026-05-05 03:30:30', '2026-05-05 03:30:30', 9),
(23, 8, 11, 111, 'signalement automatique', 'revue manuelle', 'accepted', '2026-05-05 03:30:30', '2026-05-05 03:30:30', 9),
(700, 33, 34, 206, 'signalement auto seed', 'vérification manuelle', 'accepted', '2026-03-26 04:33:35', '2026-04-18 03:33:35', 9),
(701, 30, 7, 219, 'signalement auto seed', 'vérification manuelle', 'pending', '2026-03-22 04:33:35', '2026-04-28 03:33:35', 9),
(702, 25, 29, 221, 'signalement auto seed', 'vérification manuelle', 'rejected', '2026-04-08 03:33:35', '2026-03-26 04:33:35', 9),
(703, 25, 25, 240, 'signalement auto seed', 'vérification manuelle', 'rejected', '2026-04-05 03:33:35', '2026-04-24 03:33:35', 9),
(704, 32, 26, 255, 'signalement auto seed', 'vérification manuelle', 'pending', '2026-03-25 04:33:35', '2026-05-04 03:33:35', 9),
(705, 28, 34, 284, 'signalement auto seed', 'vérification manuelle', 'pending', '2026-04-02 03:33:35', '2026-03-31 03:33:35', 9),
(706, 34, 33, 285, 'signalement auto seed', 'vérification manuelle', 'rejected', '2026-04-05 03:33:35', '2026-04-02 03:33:35', 9),
(707, 9, 25, 286, 'signalement auto seed', 'vérification manuelle', 'rejected', '2026-04-04 03:33:35', '2026-03-26 04:33:35', 9),
(708, 25, 30, 287, 'signalement auto seed', 'vérification manuelle', 'rejected', '2026-04-09 03:33:35', '2026-04-07 03:33:35', 9),
(709, 35, 34, 288, 'signalement auto seed', 'vérification manuelle', 'rejected', '2026-03-21 04:33:35', '2026-04-20 03:33:35', 9),
(710, 7, 7, 294, 'signalement auto seed', 'vérification manuelle', 'accepted', '2026-03-29 03:33:35', '2026-03-24 04:33:35', 9),
(711, 32, 31, 297, 'signalement auto seed', 'vérification manuelle', 'rejected', '2026-04-04 03:33:35', '2026-04-26 03:33:35', 9),
(712, 34, 24, 304, 'signalement auto seed', 'vérification manuelle', 'accepted', '2026-04-13 03:33:35', '2026-04-19 03:33:35', 9),
(713, 24, 7, 311, 'signalement auto seed', 'vérification manuelle', 'rejected', '2026-03-28 04:33:35', '2026-04-01 03:33:35', 9),
(714, 34, 30, 322, 'signalement auto seed', 'vérification manuelle', 'rejected', '2026-03-21 04:33:36', '2026-03-31 03:33:36', 9),
(715, 7, 7, 343, 'signalement auto seed', 'vérification manuelle', 'pending', '2026-04-10 03:33:36', '2026-03-25 04:33:36', 9),
(716, 26, 26, 347, 'signalement auto seed', 'vérification manuelle', 'accepted', '2026-03-22 04:33:36', '2026-04-13 03:33:36', 9),
(717, 34, 34, 366, 'signalement auto seed', 'vérification manuelle', 'pending', '2026-04-20 03:33:36', '2026-03-27 04:33:36', 9),
(718, 35, 35, 367, 'signalement auto seed', 'vérification manuelle', 'rejected', '2026-04-02 03:33:36', '2026-04-27 03:33:36', 9),
(719, 7, 28, 368, 'signalement auto seed', 'vérification manuelle', 'pending', '2026-04-03 03:33:36', '2026-04-24 03:33:36', 9),
(720, 7, 24, 371, 'signalement auto seed', 'vérification manuelle', 'accepted', '2026-04-17 03:33:36', '2026-03-25 04:33:36', 9),
(721, 31, 33, 375, 'signalement auto seed', 'vérification manuelle', 'accepted', '2026-03-31 03:33:36', '2026-04-05 03:33:36', 9),
(722, 26, 29, 377, 'signalement auto seed', 'vérification manuelle', 'rejected', '2026-03-24 04:33:36', '2026-03-28 04:33:36', 9),
(723, 24, 11, 380, 'signalement auto seed', 'vérification manuelle', 'accepted', '2026-04-29 03:33:36', '2026-05-01 03:33:36', 9),
(724, 7, 8, 406, 'signalement auto seed', 'vérification manuelle', 'pending', '2026-03-31 03:33:36', '2026-04-03 03:33:36', 9),
(725, 9, 11, 408, 'signalement auto seed', 'vérification manuelle', 'accepted', '2026-04-25 03:33:36', '2026-04-03 03:33:36', 9),
(726, 11, 9, 417, 'signalement auto seed', 'vérification manuelle', 'accepted', '2026-04-02 03:33:36', '2026-05-03 03:33:36', 9),
(727, 26, 31, 419, 'signalement auto seed', 'vérification manuelle', 'pending', '2026-04-16 03:33:36', '2026-04-20 03:33:36', 9);

-- --------------------------------------------------------

--
-- Structure de la table `sessions`
--

DROP TABLE IF EXISTS `sessions`;
CREATE TABLE IF NOT EXISTS `sessions` (
  `session_id` varchar(64) CHARACTER SET utf8mb4 COLLATE utf8mb4_unicode_ci NOT NULL,
  `user_id` int NOT NULL,
  `ip_address` varchar(45) CHARACTER SET utf8mb4 COLLATE utf8mb4_unicode_ci DEFAULT NULL,
  `user_agent` varchar(500) CHARACTER SET utf8mb4 COLLATE utf8mb4_unicode_ci DEFAULT NULL,
  `expires_at` timestamp NOT NULL,
  `created_at` timestamp NULL DEFAULT CURRENT_TIMESTAMP,
  PRIMARY KEY (`session_id`),
  KEY `idx_user` (`user_id`),
  KEY `idx_expires` (`expires_at`)
) ENGINE=MyISAM DEFAULT CHARSET=utf8mb4 COLLATE=utf8mb4_unicode_ci;

-- --------------------------------------------------------

--
-- Structure de la table `users`
--

DROP TABLE IF EXISTS `users`;
CREATE TABLE IF NOT EXISTS `users` (
  `id` int NOT NULL AUTO_INCREMENT,
  `username` varchar(50) CHARACTER SET utf8mb4 COLLATE utf8mb4_unicode_ci NOT NULL,
  `email` varchar(100) CHARACTER SET utf8mb4 COLLATE utf8mb4_unicode_ci NOT NULL,
  `password_hash` varchar(255) CHARACTER SET utf8mb4 COLLATE utf8mb4_unicode_ci NOT NULL,
  `phone` varchar(20) CHARACTER SET utf8mb4 COLLATE utf8mb4_unicode_ci DEFAULT NULL,
  `age` int DEFAULT NULL,
  `birthdate` date DEFAULT NULL,
  `profile_picture` varchar(255) CHARACTER SET utf8mb4 COLLATE utf8mb4_unicode_ci DEFAULT 'assets/user_icon.png',
  `admin` tinyint(1) NOT NULL DEFAULT '0',
  `followers_count` int UNSIGNED NOT NULL DEFAULT '0',
  `bio` text CHARACTER SET utf8mb4 COLLATE utf8mb4_unicode_ci,
  `status` enum('online','away','busy','offline') CHARACTER SET utf8mb4 COLLATE utf8mb4_unicode_ci DEFAULT 'offline',
  `account_type` enum('user','moderator','administrator') CHARACTER SET utf8mb4 COLLATE utf8mb4_unicode_ci DEFAULT 'user',
  `is_verified` tinyint(1) DEFAULT '0',
  `created_at` timestamp NULL DEFAULT CURRENT_TIMESTAMP,
  `last_login` timestamp NULL DEFAULT NULL,
  `google_id` varchar(100) CHARACTER SET utf8mb4 COLLATE utf8mb4_unicode_ci DEFAULT NULL,
  `github_id` varchar(100) CHARACTER SET utf8mb4 COLLATE utf8mb4_unicode_ci DEFAULT NULL,
  `provider` enum('local','google','github') CHARACTER SET utf8mb4 COLLATE utf8mb4_unicode_ci DEFAULT 'local',
  PRIMARY KEY (`id`),
  UNIQUE KEY `username` (`username`),
  UNIQUE KEY `email` (`email`),
  UNIQUE KEY `unique_google` (`google_id`),
  UNIQUE KEY `unique_github` (`github_id`),
  KEY `idx_users_admin` (`admin`)
) ENGINE=InnoDB AUTO_INCREMENT=36 DEFAULT CHARSET=utf8mb4 COLLATE=utf8mb4_unicode_ci;

--
-- Déchargement des données de la table `users`
--

INSERT INTO `users` (`id`, `username`, `email`, `password_hash`, `phone`, `age`, `birthdate`, `profile_picture`, `admin`, `followers_count`, `bio`, `status`, `account_type`, `is_verified`, `created_at`, `last_login`, `google_id`, `github_id`, `provider`) VALUES
(7, 'FoxyTheBigYT', 'enzoingelaere@gmail.com', '$2y$10$tkwa9IedxnH5bwC1uKj4h.yabxire9FrtKwoKPMq53BrMK8c0thgi', '06 67 30 65 59', 19, NULL, 'assets/users_profile_pictures/e41ac593_1777949519977.jpg', 0, 1, '', 'offline', 'moderator', 0, '2026-05-05 01:46:48', '2026-05-05 02:33:24', NULL, NULL, 'local'),
(8, 'Malenia', 'malenia@eldenring.fs', '$2y$10$FDZScsKsX1pCKZELqnpkvusUV0wb6SKtu3ulPr29Muyu.KC9Fbfs2', '06 49 65 39 45', 20, NULL, 'assets/user_icon.png', 0, 1, NULL, 'offline', 'user', 0, '2026-05-05 01:47:46', '2026-05-05 02:25:54', NULL, NULL, 'local'),
(9, 'L_Lawliet', 'lawliet@netchat.fr', '$2y$10$uNCx5mk6Dqw4hBk0bw3/AO4yBeMd.VYF3KKKe71BG/Tpe0jjp9yJ2', '01 48 59 34 94', 28, NULL, 'assets/users_profile_pictures/9b6cbfe0_1777949264896.jpg', 1, 2934, 'Administrateur de Netchat ! Passionnée par le développement et la modération.', 'busy', 'administrator', 0, '2026-05-05 01:50:23', '2026-05-05 02:10:31', NULL, NULL, 'local'),
(11, 'Utilisateur Banni 11', 'johndoe@gmail.com', '$2y$10$D6mg4E3XhbrfX0jiGSSLgeFe9wJc0DCe4zru6Wlal6BYbupJteXYa', '06 49 65 39 45', 22, NULL, 'assets/user_icon.png', 0, 0, 'le racisme n\'est pas tolerer', 'offline', 'user', 0, '2026-05-05 02:35:27', NULL, NULL, NULL, 'local'),
(12, 'AstraNova', 'astra.nova@mail.fr', '$2y$10$tkwa9IedxnH5bwC1uKj4h.yabxire9FrtKwoKPMq53BrMK8c0thgi', '06 00 00 00 00', 21, NULL, 'assets/user_icon.png', 0, 12, 'Exploratrice du code et des feeds.', 'offline', 'user', 0, '2026-04-11 03:30:29', '2026-05-05 01:10:29', NULL, NULL, 'local'),
(13, 'NoctisDev', 'noctis.dev@mail.fr', '$2y$10$tkwa9IedxnH5bwC1uKj4h.yabxire9FrtKwoKPMq53BrMK8c0thgi', '06 00 00 00 00', 25, NULL, 'assets/user_icon.png', 0, 114, 'Je code trop la nuit.', 'online', 'user', 0, '2026-04-30 03:30:29', '2026-05-05 02:38:29', NULL, NULL, 'local'),
(14, 'PixelRaven', 'pixel.raven@mail.fr', '$2y$10$tkwa9IedxnH5bwC1uKj4h.yabxire9FrtKwoKPMq53BrMK8c0thgi', '06 00 00 00 00', 20, NULL, 'assets/user_icon.png', 0, 302, 'UI, game dev et design.', 'away', 'user', 0, '2026-04-21 03:30:29', '2026-05-05 03:14:29', NULL, NULL, 'local'),
(15, 'MikaFlow', 'mika.flow@mail.fr', '$2y$10$tkwa9IedxnH5bwC1uKj4h.yabxire9FrtKwoKPMq53BrMK8c0thgi', '06 00 00 00 00', 18, NULL, 'assets/user_icon.png', 0, 47, 'Musique, web et modding.', 'offline', 'user', 0, '2026-04-28 03:30:29', '2026-05-05 01:31:29', NULL, NULL, 'local'),
(16, 'SoraByte', 'sora.byte@mail.fr', '$2y$10$tkwa9IedxnH5bwC1uKj4h.yabxire9FrtKwoKPMq53BrMK8c0thgi', '06 00 00 00 00', 34, NULL, 'assets/user_icon.png', 0, 308, 'Backend, SQL, API.', 'online', 'user', 0, '2026-05-04 03:30:29', '2026-05-04 22:43:29', NULL, NULL, 'local'),
(17, 'KairoLink', 'kairo.link@mail.fr', '$2y$10$tkwa9IedxnH5bwC1uKj4h.yabxire9FrtKwoKPMq53BrMK8c0thgi', '06 00 00 00 00', 24, NULL, 'assets/user_icon.png', 0, 366, 'Social app builder.', 'offline', 'user', 0, '2026-04-14 03:30:29', '2026-05-04 22:51:29', NULL, NULL, 'local'),
(18, 'LunaStack', 'luna.stack@mail.fr', '$2y$10$tkwa9IedxnH5bwC1uKj4h.yabxire9FrtKwoKPMq53BrMK8c0thgi', '06 00 00 00 00', 31, NULL, 'assets/user_icon.png', 0, 112, 'Laravel et gros projets.', 'busy', 'user', 0, '2026-04-20 03:30:29', '2026-05-05 01:08:29', NULL, NULL, 'local'),
(19, 'NeoMatiere', 'neo.matiere@mail.fr', '$2y$10$tkwa9IedxnH5bwC1uKj4h.yabxire9FrtKwoKPMq53BrMK8c0thgi', '06 00 00 00 00', 18, NULL, 'assets/user_icon.png', 0, 388, 'Photo, dev et stories.', 'offline', 'user', 0, '2026-04-09 03:30:29', '2026-05-05 02:09:29', NULL, NULL, 'local'),
(20, 'VantaFox', 'vanta.fox@mail.fr', '$2y$10$tkwa9IedxnH5bwC1uKj4h.yabxire9FrtKwoKPMq53BrMK8c0thgi', '06 00 00 00 00', 31, NULL, 'assets/user_icon.png', 0, 174, 'Curieux de tout.', 'online', 'user', 0, '2026-04-26 03:30:29', '2026-05-05 02:11:29', NULL, NULL, 'local'),
(21, 'OrionPulse', 'orion.pulse@mail.fr', '$2y$10$tkwa9IedxnH5bwC1uKj4h.yabxire9FrtKwoKPMq53BrMK8c0thgi', '06 00 00 00 00', 24, NULL, 'assets/user_icon.png', 0, 390, 'Réseaux sociaux et IA.', 'offline', 'user', 0, '2026-04-24 03:30:29', '2026-05-05 02:38:29', NULL, NULL, 'local'),
(22, 'Marion60__mod', 'marion60mod@mail.fr', '$2y$10$tkwa9IedxnH5bwC1uKj4h.yabxire9FrtKwoKPMq53BrMK8c0thgi', '06 00 00 00 00', 20, NULL, 'assets/user_icon.png', 1, 194, 'Modération et sécurité.', 'online', 'moderator', 0, '2026-05-01 03:30:29', '2026-05-05 00:27:29', NULL, NULL, 'local'),
(23, 'Marion60_Admin', 'marion60admin@mail.fr', '$2y$10$tkwa9IedxnH5bwC1uKj4h.yabxire9FrtKwoKPMq53BrMK8c0thgi', '06 00 00 00 00', 29, NULL, 'assets/user_icon.png', 1, 309, 'Admin du réseau.', 'busy', 'administrator', 0, '2026-04-26 03:30:29', '2026-05-05 03:08:29', NULL, NULL, 'local'),
(24, 'MorganeLoop', 'morgane.loop@mail.fr', '$2y$10$tkwa9IedxnH5bwC1uKj4h.yabxire9FrtKwoKPMq53BrMK8c0thgi', '06 00 00 00 00', 37, NULL, 'assets/user_icon.png', 0, 546, 'Dev web et discussions tech.', 'offline', 'user', 0, '2026-03-20 04:33:35', '2026-05-05 00:26:35', NULL, NULL, 'local'),
(25, 'RyoQuartz', 'ryo.quartz@mail.fr', '$2y$10$tkwa9IedxnH5bwC1uKj4h.yabxire9FrtKwoKPMq53BrMK8c0thgi', '06 00 00 00 00', 36, NULL, 'assets/user_icon.png', 0, 599, 'Anime, code, musique.', 'online', 'user', 0, '2026-03-19 04:33:35', '2026-05-05 02:09:35', NULL, NULL, 'local'),
(26, 'AlyaCendre', 'alya.cendre@mail.fr', '$2y$10$tkwa9IedxnH5bwC1uKj4h.yabxire9FrtKwoKPMq53BrMK8c0thgi', '06 00 00 00 00', 28, NULL, 'assets/user_icon.png', 0, 392, 'Actualité, politique, société.', 'busy', 'user', 0, '2026-03-25 04:33:35', '2026-05-04 20:49:35', NULL, NULL, 'local'),
(27, 'TheoPatch', 'theo.patch@mail.fr', '$2y$10$tkwa9IedxnH5bwC1uKj4h.yabxire9FrtKwoKPMq53BrMK8c0thgi', '06 00 00 00 00', 29, NULL, 'assets/user_icon.png', 0, 315, 'Debug, Linux, serveurs.', 'away', 'user', 0, '2026-04-09 03:33:35', '2026-05-04 21:37:35', NULL, NULL, 'local'),
(28, 'NinaFrame', 'nina.frame@mail.fr', '$2y$10$tkwa9IedxnH5bwC1uKj4h.yabxire9FrtKwoKPMq53BrMK8c0thgi', '06 00 00 00 00', 24, NULL, 'assets/user_icon.png', 0, 779, 'Design, UX et feed apps.', 'offline', 'user', 0, '2026-03-23 04:33:35', '2026-05-04 20:11:35', NULL, NULL, 'local'),
(29, 'DorianVale', 'dorian.vale@mail.fr', '$2y$10$tkwa9IedxnH5bwC1uKj4h.yabxire9FrtKwoKPMq53BrMK8c0thgi', '06 00 00 00 00', 29, NULL, 'assets/user_icon.png', 0, 111, 'Gaming, IA et bases de données.', 'online', 'user', 0, '2026-04-07 03:33:35', '2026-05-04 20:33:35', NULL, NULL, 'local'),
(30, 'IrisMoteur', 'iris.moteur@mail.fr', '$2y$10$tkwa9IedxnH5bwC1uKj4h.yabxire9FrtKwoKPMq53BrMK8c0thgi', '06 00 00 00 00', 38, NULL, 'assets/user_icon.png', 0, 408, 'Auto, modif, perfs.', 'offline', 'user', 0, '2026-03-08 04:33:35', '2026-05-05 03:00:35', NULL, NULL, 'local'),
(31, 'EdenSync', 'eden.sync@mail.fr', '$2y$10$tkwa9IedxnH5bwC1uKj4h.yabxire9FrtKwoKPMq53BrMK8c0thgi', '06 00 00 00 00', 34, NULL, 'assets/user_icon.png', 0, 715, 'Systèmes, cloud et API.', 'offline', 'user', 0, '2026-03-23 04:33:35', '2026-05-05 00:35:35', NULL, NULL, 'local'),
(32, 'SamiPulse', 'sami.pulse@mail.fr', '$2y$10$tkwa9IedxnH5bwC1uKj4h.yabxire9FrtKwoKPMq53BrMK8c0thgi', '06 00 00 00 00', 30, NULL, 'assets/user_icon.png', 0, 413, 'Photographie et urban exploration.', 'online', 'user', 0, '2026-03-14 04:33:35', '2026-05-04 21:16:35', NULL, NULL, 'local'),
(33, 'LilaCodec', 'lila.codec@mail.fr', '$2y$10$tkwa9IedxnH5bwC1uKj4h.yabxire9FrtKwoKPMq53BrMK8c0thgi', '06 00 00 00 00', 27, NULL, 'assets/user_icon.png', 0, 679, 'BTS, projets, tests.', 'offline', 'user', 0, '2026-05-03 03:33:35', '2026-05-04 20:27:35', NULL, NULL, 'local'),
(34, 'MarionMod', 'marion.mod@mail.fr', '$2y$10$tkwa9IedxnH5bwC1uKj4h.yabxire9FrtKwoKPMq53BrMK8c0thgi', '06 00 00 00 00', 29, NULL, 'assets/user_icon.png', 1, 608, 'Modération et sécurité.', 'busy', 'moderator', 0, '2026-04-27 03:33:35', '2026-05-04 23:38:35', NULL, NULL, 'local'),
(35, 'AdminOrion', 'admin.orion@mail.fr', '$2y$10$tkwa9IedxnH5bwC1uKj4h.yabxire9FrtKwoKPMq53BrMK8c0thgi', '06 00 00 00 00', 25, NULL, 'assets/user_icon.png', 1, 175, 'Administration générale.', 'online', 'administrator', 0, '2026-03-15 04:33:35', '2026-05-04 20:17:35', NULL, NULL, 'local');

--
-- Contraintes pour les tables déchargées
--

--
-- Contraintes pour la table `comments`
--
ALTER TABLE `comments`
  ADD CONSTRAINT `fk_comments_post` FOREIGN KEY (`post_id`) REFERENCES `posts` (`id`) ON DELETE CASCADE,
  ADD CONSTRAINT `fk_comments_user` FOREIGN KEY (`user_id`) REFERENCES `users` (`id`) ON DELETE CASCADE;

--
-- Contraintes pour la table `comment_mentions`
--
ALTER TABLE `comment_mentions`
  ADD CONSTRAINT `fk_commentmentions_comment` FOREIGN KEY (`comment_id`) REFERENCES `comments` (`id`) ON DELETE CASCADE,
  ADD CONSTRAINT `fk_commentmentions_user` FOREIGN KEY (`mentioned_user_id`) REFERENCES `users` (`id`) ON DELETE CASCADE;

--
-- Contraintes pour la table `follows`
--
ALTER TABLE `follows`
  ADD CONSTRAINT `fk_follows_follower` FOREIGN KEY (`follower_id`) REFERENCES `users` (`id`) ON DELETE CASCADE,
  ADD CONSTRAINT `fk_follows_following` FOREIGN KEY (`following_id`) REFERENCES `users` (`id`) ON DELETE CASCADE;

--
-- Contraintes pour la table `notifications`
--
ALTER TABLE `notifications`
  ADD CONSTRAINT `fk_notifications_user` FOREIGN KEY (`user_id`) REFERENCES `users` (`id`) ON DELETE CASCADE;

--
-- Contraintes pour la table `post_mentions`
--
ALTER TABLE `post_mentions`
  ADD CONSTRAINT `fk_postmentions_post` FOREIGN KEY (`post_id`) REFERENCES `posts` (`id`) ON DELETE CASCADE,
  ADD CONSTRAINT `fk_postmentions_user` FOREIGN KEY (`mentioned_user_id`) REFERENCES `users` (`id`) ON DELETE CASCADE;

--
-- Contraintes pour la table `reactions`
--
ALTER TABLE `reactions`
  ADD CONSTRAINT `fk_reactions_post` FOREIGN KEY (`post_id`) REFERENCES `posts` (`id`) ON DELETE CASCADE,
  ADD CONSTRAINT `fk_reactions_user` FOREIGN KEY (`user_id`) REFERENCES `users` (`id`) ON DELETE CASCADE;

--
-- Contraintes pour la table `report`
--
ALTER TABLE `report`
  ADD CONSTRAINT `fk_report_post` FOREIGN KEY (`post_id`) REFERENCES `posts` (`id`) ON DELETE SET NULL,
  ADD CONSTRAINT `fk_report_processed_by` FOREIGN KEY (`processed_by`) REFERENCES `users` (`id`) ON DELETE SET NULL,
  ADD CONSTRAINT `fk_report_reported` FOREIGN KEY (`reported_user_id`) REFERENCES `users` (`id`) ON DELETE SET NULL,
  ADD CONSTRAINT `fk_report_reporter` FOREIGN KEY (`reporter_user_id`) REFERENCES `users` (`id`) ON DELETE SET NULL;
COMMIT;

/*!40101 SET CHARACTER_SET_CLIENT=@OLD_CHARACTER_SET_CLIENT */;
/*!40101 SET CHARACTER_SET_RESULTS=@OLD_CHARACTER_SET_RESULTS */;
/*!40101 SET COLLATION_CONNECTION=@OLD_COLLATION_CONNECTION */;
